Sample	SampleName	ImmGen.Nomenclature	Population	Cell.Family	Organ	Sorting.Markers	Lab	Note	sample.id	Well	Owner	Batch	Total.read.pairs	Uniquely.mapped.pairs	Uniquely.mapped.pct	Num.genes.over.ten	Num.genes.over.zero	TIN.mean	TIN.median	TIN.stdev	metaSample
MF.64pLYVEpIIn.Ao.1	MF.64+LYVE+II-.Ao1	MF.64pLYVEpIIn.Ao.1	MF.64pLYVEpIIn.Ao	Macrophage	Aorta	CD45CD11bCD64MerTKLYVE-1MHCIIDumpchannel	Angeli	none	000008544769_D01	D01	Veronique Angeli	36	10446815	6805895	65.15	10362	17980	54.39784885	56.29868966	20.75891182	MF_adult_resident
MF.64pLYVEpIIn.Ao.2	MF.64+LYVE+II-.Ao2	MF.64pLYVEpIIn.Ao.2	MF.64pLYVEpIIn.Ao	Macrophage	Aorta	CD45CD11bCD64MerTKLYVE-1MHCIIDumpchannel	Angeli	none	000008544769_E01	E01	Veronique Angeli	36	14164158	9311478	65.74	11033	20387	56.33910546	59.045267	20.38385333	MF_adult_resident
MF.64pLYVEpIIn.Ao.3	MF.64+LYVE+II-.Ao3	MF.64pLYVEpIIn.Ao.3	MF.64pLYVEpIIn.Ao	Macrophage	Aorta	CD45CD11bCD64MerTKLYVE-1MHCIIDumpchannel	Angeli	none	000008544769_F01	F01	Veronique Angeli	36	16476711	11141380	67.62	11468	22811	59.65844897	62.99399939	19.31578813	MF_adult_resident
MF.64pLYVEpIIp.Ao.1	MF.64+LYVE+II+.Ao1	MF.64pLYVEpIIp.Ao.1	MF.64pLYVEpIIp.Ao	Macrophage	Aorta	CD45CD11bCD64MerTKLYVE-1MHCIIDumpchannel	Angeli	none	000008544769_A01	A01	Veronique Angeli	36	9138066	6240250	68.29	10207	19954	53.84368476	57.00379205	20.54549562	MF_adult_resident
MF.64pLYVEpIIp.Ao.2	MF.64+LYVE+II+.Ao2	MF.64pLYVEpIIp.Ao.2	MF.64pLYVEpIIp.Ao	Macrophage	Aorta	CD45CD11bCD64MerTKLYVE-1MHCIIDumpchannel	Angeli	none	000008544769_B01	B01	Veronique Angeli	36	15817683	10723247	67.79	11281	20527	59.21587064	63.04587143	19.40594378	MF_adult_resident
MF.64pLYVEpIIp.Ao.3	MF.64+LYVE+II+.Ao3	MF.64pLYVEpIIp.Ao.3	MF.64pLYVEpIIp.Ao	Macrophage	Aorta	CD45CD11bCD64MerTKLYVE-1MHCIIDumpchannel	Angeli	none	000008544769_C01	C01	Veronique Angeli	36	17673436	12275195	69.46	11788	20875	61.76344602	65.76866224	18.42727392	MF_adult_resident
MF.64pLYVEnIIp.Ao.1	MF.64+LYVE-II+.Ao1	MF.64pLYVEnIIp.Ao.1	MF.64pLYVEnIIp.Ao	Macrophage	Aorta	CD45CD11bCD64MerTKLYVE-1MHCIIDumpchannel	Angeli	none	000008544769_G01	G01	Veronique Angeli	36	11410842	7906542	69.29	11067	20031	57.07462729	60.12847848	19.57108149	MF_adult_resident
MF.64pLYVEnIIp.Ao.2	MF.64+LYVE-II+.Ao2	MF.64pLYVEnIIp.Ao.2	MF.64pLYVEnIIp.Ao	Macrophage	Aorta	CD45CD11bCD64MerTKLYVE-1MHCIIDumpchannel	Angeli	none	000008544769_H01	H01	Veronique Angeli	36	8551711	5569635	65.13	9946	18933	48.87251317	49.38904972	21.80443401	MF_adult_resident
MF.64pLYVEnIIp.Ao.3	MF.64+LYVE-II+.Ao3	MF.64pLYVEnIIp.Ao.3	MF.64pLYVEnIIp.Ao	Macrophage	Aorta	CD45CD11bCD64MerTKLYVE-1MHCIIDumpchannel	Angeli	none	000008544769_A02	A02	Veronique Angeli	36	14384263	9933780	69.06	11601	20939	59.72519672	63.43437151	18.73221903	MF_adult_resident
EMP.E10.5.YS.1	EMP.E10.5YS1	EMP.E10.5.YS.1	EMP.E10.5.YS	Macrophage	yolk sac	c-kit+CD41+CD16/32+	Choi	none	000008530769_E12	E12	Kyunghee Choi	29	10613036	5648404	53.22	10350	17538	55.17673507	58.71386627	21.94263739	EMP_E10.5
EMP.E10.5.YS.2	EMP.E10.5YS2	EMP.E10.5.YS.2	EMP.E10.5.YS	Macrophage	yolk sac	c-kit+CD41+CD16/32+	Choi	none	000008530769_F12	F12	Kyunghee Choi	29	10366917	5567652	53.71	10235	17446	54.86311709	58.64358757	22.25063406	EMP_E10.5
MF.d6.EB.1	MF.D6EB1	MF.d6.EB.1	MF.d6.EB	Macrophage	Cell (Embryonic Body)	CD11b+F4/80+	Choi	none	000008530769_E11	E11	Kyunghee Choi	29	12898688	7300959	56.6	10188	16621	55.04325569	57.99483962	21.0187739	MF_embryonic_E6.0-E8.0
MF.d6.EB.2	MF.D6EB2	MF.d6.EB.2	MF.d6.EB	Macrophage	Cell (Embryonic Body)	CD11b+F4/80+	Choi	none	000008530769_F11	F11	Kyunghee Choi	29	15268106	8833424	57.86	10455	17190	56.67501204	59.98930264	20.3910069	MF_embryonic_E6.0-E8.0
MF.d8.EB.1	MF.D8EB1	MF.d8.EB.1	MF.d8.EB	Macrophage	Cell (Embryonic Body)	CD11b+F4/80+	Choi	none	000008530769_G11	G11	Kyunghee Choi	29	13022193	7532815	57.85	10099	16112	54.03893208	57.04754887	21.0800687	MF_embryonic_E6.0-E8.0
MF.d8.EB.2	MF.D8EB2	MF.d8.EB.2	MF.d8.EB	Macrophage	Cell (Embryonic Body)	CD11b+F4/80+	Choi	none	000008530769_H11	H11	Kyunghee Choi	29	11523680	6512261	56.51	9570	16228	48.95875033	50.08730761	22.54322683	MF_embryonic_E6.0-E8.0
DC.24p8apXCR1n.Sp.1	DC.CD24+.CD8a+XCR1-.Sp1	DC.24p8apXCR1n.Sp.1	DC.24p8apXCR1n.Sp	Dendritic Cell	Spleen	LiveDead-CD19-CD3e-NK1.1-GR1-CD11chiCD24+SIRPa-CD8a+XCR1-	Dalod	none	000008530769_H09	H09	Karine Crozat	29	10559736	6866594	65.03	11610	23843	59.78564042	63.49696933	19.29613338	DC_resident_1
DC.24p8apXCR1n.Sp.2	DC.CD24+.CD8a+XCR1-.Sp2	DC.24p8apXCR1n.Sp.2	DC.24p8apXCR1n.Sp	Dendritic Cell	Spleen	LiveDead-CD19-CD3e-NK1.1-GR1-CD11chiCD24+SIRPa-CD8a+XCR1-	Dalod	none	000008530769_D10	D10	Karine Crozat	29	6346408	3818491	60.17	10227	18102	54.95148826	57.91070468	20.08050477	DC_resident_1
DC.24p8apXCR1p.Sp.1	DC.CD24+.CD8a+XCR1+.Sp1	DC.24p8apXCR1p.Sp.1	DC.24p8apXCR1p.Sp	Dendritic Cell	Spleen	LiveDead-CD19-CD3e-NK1.1-GR1-CD11chiCD24+SIRPa-CD8a+XCR1+	Dalod	none	000008530769_G09	G09	Karine Crozat	29	12990048	8376690	64.49	11884	23749	59.70761364	63.36602691	19.28503193	DC_resident_1
DC.24p8apXCR1p.Sp.2	DC.CD24+.CD8a+XCR1+.Sp2	DC.24p8apXCR1p.Sp.2	DC.24p8apXCR1p.Sp	Dendritic Cell	Spleen	LiveDead-CD19-CD3e-NK1.1-GR1-CD11chiCD24+SIRPa-CD8a+XCR1+	Dalod	none	000008530769_C10	C10	Karine Crozat	29	9071901	5792939	63.86	10329	17587	54.86286466	58.02198074	20.39516089	DC_resident_1
DC.24p8anXCR1n.Sp.1	DC.CD24+.CD8a-XCR1-.Sp1	DC.24p8anXCR1n.Sp.1	DC.24p8anXCR1n.Sp	Dendritic Cell	Spleen	LiveDead-CD19-CD3e-NK1.1-GR1-CD11chiCD24+SIRPa-CD8a-XCR1-	Dalod	none	000008530769_E09	E09	Karine Crozat	29	9630466	6184862	64.22	11471	19906	57.58020924	62.17628726	20.01942331	DC_resident_1
DC.24p8anXCR1n.Sp.2	DC.CD24+.CD8a-XCR1-.Sp2	DC.24p8anXCR1n.Sp.2	DC.24p8anXCR1n.Sp	Dendritic Cell	Spleen	LiveDead-CD19-CD3e-NK1.1-GR1-CD11chiCD24+SIRPa-CD8a-XCR1-	Dalod	none	000008530769_A10	A10	Karine Crozat	29	7603186	5009415	65.89	10415	17683	57.67441142	61.58076227	20.23923187	DC_resident_1
DC.24p8anXCR1p.Sp.1	DC.CD24+.CD8a-XCR1+.Sp1	DC.24p8anXCR1p.Sp.1	DC.24p8anXCR1p.Sp	Dendritic Cell	Spleen	LiveDead-CD19-CD3e-NK1.1-GR1-CD11chiCD24+SIRPa-CD8a-XCR1+	Dalod	none	000008530769_F09	F09	Karine Crozat	29	10140621	6326133	62.38	11204	21430	56.88900867	60.57490684	20.20754503	DC_resident_1
DC.24p8anXCR1p.Sp.2	DC.CD24+.CD8a-XCR1+.Sp2	DC.24p8anXCR1p.Sp.2	DC.24p8anXCR1p.Sp	Dendritic Cell	Spleen	LiveDead-CD19-CD3e-NK1.1-GR1-CD11chiCD24+SIRPa-CD8a-XCR1+	Dalod	none	000008530769_B10	B10	Karine Crozat	29	10571513	6978818	66.02	10838	19646	58.79342846	62.3326144	19.56382012	DC_resident_1
DC.SigHn.64n11chipBst2n11bp8anRFPn.Sp.2	DC.CD11b+RFPneg.Sp2	DC.SigHn.64n11chipBst2n11bp8anRFPn.Sp.2	DC.SigHn.64n11chipBst2n11bp8anRFPn.Sp	Dendritic Cell	Spleen	Aquadead-lin-Dump-CD64-CD11chighBst2-CD11b+CD8a-RFP-	Dalod	none	000008530769_A11	A11	Elena Tomasello	29	13012661	6770131	52.03	11364	19807	58.02722327	61.45804922	19.96839285	DC_resident_2
DC.SigHn.64n11chipBst2n11bp8anRFPn.Sp.3	DC.CD11b+RFPneg.Sp3	DC.SigHn.64n11chipBst2n11bp8anRFPn.Sp.3	DC.SigHn.64n11chipBst2n11bp8anRFPn.Sp	Dendritic Cell	Spleen	Aquadead-lin-Dump-CD64-CD11chighBst2-CD11b+CD8a-RFP-	Dalod	none	000008530769_D11	D11	Elena Tomasello	29	6680718	4035832	60.41	10081	18888	50.97171871	53.79079274	20.66501687	DC_resident_2
DC.SigHn.64n11chipBst2n11bp8anRFPp.Sp.2	DC.CD11b+RFPpos.Sp2	DC.SigHn.64n11chipBst2n11bp8anRFPp.Sp.2	DC.SigHn.64n11chipBst2n11bp8anRFPp.Sp	Dendritic Cell	Spleen	Aquadead-lin-Dump-CD64-CD11chighBst2-CD11b+CD8a-RFP+	Dalod	none	000008530769_H10	H10	Elena Tomasello	29	9062815	6030417	66.54	11298	23536	55.9343568	59.30351691	20.07059879	DC_resident_2
DC.SigHn.64n11chipBst2n11bp8anRFPp.Sp.3	DC.CD11b+RFPpos.Sp3	DC.SigHn.64n11chipBst2n11bp8anRFPp.Sp.3	DC.SigHn.64n11chipBst2n11bp8anRFPp.Sp	Dendritic Cell	Spleen	Aquadead-lin-Dump-CD64-CD11chighBst2-CD11b+CD8a-RFP+	Dalod	none	000008530769_C11	C11	Elena Tomasello	29	10869070	6114332	56.25	10879	21249	52.74147265	55.7691516	20.40064034	DC_resident_2
MF.PC.09	MF.ICAM2+F4/80+.PC3	MF.PC.09	MF.PC	Macrophage	Peritoneal Cavity	LiveDead-F4/80+ICAM-2+	Dalod	none	000008530769_E10	E10	Karine Crozat	29	11656368	7325421	62.84	10813	19037	57.60302684	61.03786399	19.67946417	MF_embryonic_E14.5-E18.5
DC.XCR1pSIRPan.Th.1	DC.Lin-CD11c+MHCII+XCR1+SIRPa-.Th.1	DC.XCR1pSIRPan.Th.1	DC.XCR1pSIRPan.Th	Dendritic Cell	Thymus	Lin-CD11c+MHCII+XCR1+SIRPa-	Dzhagalov	none	000008530569_H08	H08	Ivan Dzhagalov	28	13878602	9441914	68.03	11402	17896	65.09631187	70.11832174	18.93765083	DC_resident_1
DC.XCR1pSIRPan.Th.2	DC.Lin-CD11c+MHCII+XCR1+SIRPa-.Th.2	DC.XCR1pSIRPan.Th.2	DC.XCR1pSIRPan.Th	Dendritic Cell	Thymus	Lin-CD11c+MHCII+XCR1+SIRPa-	Dzhagalov	none	000008530569_A09	A09	Ivan Dzhagalov	28	14491616	9620574	66.39	11824	23017	63.61522443	67.70301628	18.27275243	DC_resident_1
DC.XCR1pSIRPan.Th.3	DC.Lin-CD11c+MHCII+XCR1+SIRPa-.Th.3	DC.XCR1pSIRPan.Th.3	DC.XCR1pSIRPan.Th	Dendritic Cell	Thymus	Lin-CD11c+MHCII+XCR1+SIRPa-	Dzhagalov	none	000008530569_B09	B09	Ivan Dzhagalov	28	15865347	10857613	68.44	11895	21400	65.71040527	70.63421237	18.23620108	DC_resident_1
DC.XCR1pSIRPan.Th.4	DC.Lin-CD11c+MHCII+XCR1+SIRPa-.Th.4	DC.XCR1pSIRPan.Th.4	DC.XCR1pSIRPan.Th	Dendritic Cell	Thymus	Lin-CD11c+MHCII+XCR1+SIRPa-	Dzhagalov	none	000008530569_C09	C09	Ivan Dzhagalov	28	12912344	8771062	67.93	11451	19558	64.26778799	68.86768591	18.48657519	DC_resident_1
DC.XCR1nSIRPap.Th.1	DC.Lin-CD11c+MHCII+XCR1-SIRPa+.Th.1	DC.XCR1nSIRPap.Th.1	DC.XCR1nSIRPap.Th	Dendritic Cell	Thymus	Lin-CD11c+MHCII+XCR1-SIRPa+	Dzhagalov	none	000008530569_D09	D09	Ivan Dzhagalov	28	10283934	7017587	68.24	11512	19935	63.61220046	68.00593816	18.23958021	DC_resident_1
DC.XCR1nSIRPap.Th.2	DC.Lin-CD11c+MHCII+XCR1-SIRPa+.Th.2	DC.XCR1nSIRPap.Th.2	DC.XCR1nSIRPap.Th	Dendritic Cell	Thymus	Lin-CD11c+MHCII+XCR1-SIRPa+	Dzhagalov	none	000008530569_E09	E09	Ivan Dzhagalov	28	15752615	10698079	67.91	12264	19386	66.96278396	71.80158063	17.72300272	DC_resident_1
DC.XCR1nSIRPap.Th.3	DC.Lin-CD11c+MHCII+XCR1-SIRPa+.Th.3	DC.XCR1nSIRPap.Th.3	DC.XCR1nSIRPap.Th	Dendritic Cell	Thymus	Lin-CD11c+MHCII+XCR1-SIRPa+	Dzhagalov	none	000008530569_F09	F09	Ivan Dzhagalov	28	14773491	9998143	67.68	12362	20472	66.06132251	70.71912471	17.84420868	DC_resident_1
DC.XCR1nSIRPap.Th.4	DC.Lin-CD11c+MHCII+XCR1-SIRPa+.Th.4	DC.XCR1nSIRPap.Th.4	DC.XCR1nSIRPap.Th	Dendritic Cell	Thymus	Lin-CD11c+MHCII+XCR1-SIRPa+	Dzhagalov	none	000008530569_G09	G09	Ivan Dzhagalov	28	16617191	10580665	63.67	12739	22289	63.21867234	66.41664241	17.09208445	DC_resident_2
MF.64p.Th.1	MF.Lin-CD45+F4/80+CD64+.Th.1	MF.64p.Th.1	MF.64p.Th	Macrophage	Thymus	Lin-F4/80+CD64+	Dzhagalov	none	000008530569_D08	D08	Ivan Dzhagalov	28	10110183	6846703	67.72	10996	18467	61.96670666	66.54896765	18.88395801	MF_adult_resident
MF.64p.Th.2	MF.Lin-CD45+F4/80+CD64+.Th.2	MF.64p.Th.2	MF.64p.Th	Macrophage	Thymus	Lin-F4/80+CD64+	Dzhagalov	none	000008530569_E08	E08	Ivan Dzhagalov	28	15138975	10362118	68.45	11705	18936	65.18270118	69.88434434	18.14410468	MF_adult_resident
MF.64p.Th.3	MF.Lin-CD45+F4/80+CD64+.Th.3	MF.64p.Th.3	MF.64p.Th	Macrophage	Thymus	Lin-F4/80+CD64+	Dzhagalov	none	000008530569_F08	F08	Ivan Dzhagalov	28	15019927	10648031	70.89	11915	19237	64.96434618	69.79080654	17.90715655	MF_adult_resident
MF.64p.Th.4	MF.Lin-CD45+F4/80+CD64+.Th.4	MF.64p.Th.4	MF.64p.Th	Macrophage	Thymus	Lin-F4/80+CD64+	Dzhagalov	none	000008530569_G08	G08	Ivan Dzhagalov	28	13876402	10041638	72.36	11707	18381	64.16504008	68.35371183	18.10696591	MF_adult_resident
MF.PC.03	MF.F4/80+ICAM2+.PC.1	MF.PC.03	MF.PC	Macrophage	Peritoneal Cavity	F4/80+ICAM2+	Dzhagalov	none	000008530569_H07	H07	Ivan Dzhagalov	28	14216054	9665954	67.99	11837	19234	64.19921171	68.39339878	18.07875792	MF_adult_resident
Mo.6Cp.Bl.6	Mo.T0.M.Bl1	Mo.6Cp.Bl.6	Mo.6Cp.Bl	Monocyte	Blood	CD45+CD11b+CD115+Ly-6C+	Gautier	none	000008527969_G06	G06	Emmanuel Gautier	27	13740565	7892716	57.44	10714	17075	60.83803209	65.30002335	19.10795526	Mo
Mo.6Cp.Bl.7	Mo.T0.M.Bl2	Mo.6Cp.Bl.7	Mo.6Cp.Bl	Monocyte	Blood	CD45+CD11b+CD115+Ly-6C+	Gautier	none	000008527969_H06	H06	Emmanuel Gautier	27	9386440	6413175	68.32	10447	16277	57.2739852	61.00101876	19.8954555	Mo
Mo.6Cp.Bl.8	Mo.T0.M.Bl3	Mo.6Cp.Bl.8	Mo.6Cp.Bl	Monocyte	Blood	CD45+CD11b+CD115+Ly-6C+	Gautier	none	000008527969_A07	A07	Emmanuel Gautier	27	13054535	9308511	71.3	11367	16245	60.15933754	64.39517467	19.26841601	Mo
DC.pDC.DN.BM.1	DNpreDC.7wk.M.BM1	DC.pDC.DN.BM.1	DC.pDC.DN.BM	Dendritic Cell	Bone Marrow	LIN-CD11b-MHCII-CD11c+CD135+CD172aloSiglecH-Ly6C-	Ginhoux	none	000008550869_D01	D01	Regine Dress	42	10104620	6817201	67.47	11859	18625	64.68248996	69.55701685	19.20421454	pDC
DC.pDC.DN.BM.2	DNpreDC.7wk.M.BM2	DC.pDC.DN.BM.2	DC.pDC.DN.BM	Dendritic Cell	Bone Marrow	LIN-CD11b-MHCII-CD11c+CD135+CD172aloSiglecH-Ly6C-	Ginhoux	none	000008550869_E01	E01	Regine Dress	42	14760584	10089847	68.36	12573	19998	66.73821353	71.64558267	18.17226493	pDC
DC.pDC.DN.Sp.1	DNpreDC.7wk.M.Sp1	DC.pDC.DN.Sp.1	DC.pDC.DN.Sp	Dendritic Cell	Spleen	LIN-CD11b-MHCII-CD11c+CD135+CD172aloSiglecH+-Ly6C-	Ginhoux	none	000008550869_E02	E02	Regine Dress	42	12118214	8425030	69.52	11676	19364	62.51767437	67.33545841	20.0516483	pDC
DC.pDC.DN.Sp.2	DNpreDC.7wk.M.Sp2	DC.pDC.DN.Sp.2	DC.pDC.DN.Sp	Dendritic Cell	Spleen	LIN-CD11b-MHCII-CD11c+CD135+CD172aloSiglecH-Ly6C-	Ginhoux	none	000008550869_F02	F02	Regine Dress	42	10553966	6627099	62.79	11778	24048	58.42673596	62.19858335	20.73229979	DC_resident_1
DC.pDC.DN.Sp.3	DNpreDC.7wk.M.Sp3	DC.pDC.DN.Sp.3	DC.pDC.DN.Sp	Dendritic Cell	Spleen	LIN-CD11b-MHCII-CD11c+CD135+CD172aloSiglecH-Ly6C-	Ginhoux	none	000008550869_G02	G02	Regine Dress	42	14077727	9733486	69.14	11498	18410	63.1295601	67.75341855	19.45533587	DC_resident_1
DC.pDC.DP.BM.2	DPpreDC.7wk.M.BM2	DC.pDC.DP.BM.2	DC.pDC.DP.BM	Dendritic Cell	Bone Marrow	LIN-CD11b-MHCII-CD11c+CD135+CD172aloSiglecH+Ly6C+	Ginhoux	none	000008550869_B01	B01	Regine Dress	42	15144119	10597078	69.97	11669	19121	64.33171199	68.71861991	19.62082713	DC_resident_1
DC.pDC.DP.BM.3	DPpreDC.7wk.M.BM3	DC.pDC.DP.BM.3	DC.pDC.DP.BM	Dendritic Cell	Bone Marrow	LIN-CD11b-MHCII-CD11c+CD135+CD172aloSiglecH+Ly6C+	Ginhoux	none	000008550869_C01	C01	Regine Dress	42	15046055	10780480	71.65	11491	18959	65.7692319	71.07756884	19.06656041	DC_resident_1
DC.pDC.SigHp6Cn.BM.2	S+L-preDC.7wk.M.BM2	DC.pDC.SigHp6Cn.BM.2	DC.pDC.SigHp6Cn.BM	Dendritic Cell	Bone Marrow	LIN-CD11b-MHCII-CD11c+CD135+CD172aloSiglecH+Ly6C-	Ginhoux	none	000008550869_H01	H01	Regine Dress	42	10164299	6577538	64.71	10633	16865	56.50568977	59.0502051	23.02292714	pDC
DC.pDC.SigHp6Cn.BM.3	S+L-preDC.7wk.M.BM3	DC.pDC.SigHp6Cn.BM.3	DC.pDC.SigHp6Cn.BM	Dendritic Cell	Bone Marrow	LIN-CD11b-MHCII-CD11c+CD135+CD172aloSiglecH+Ly6C-	Ginhoux	none	000008550869_A02	A02	Regine Dress	42	11997830	8458696	70.5	11665	18004	64.2910231	69.44051349	19.82480358	pDC
DC.pDC.SigHn6Cp.BM.1	L+S-preDC.7wk.M.BM1	DC.pDC.SigHn6Cp.BM.1	DC.pDC.SigHn6Cp.BM	Dendritic Cell	Bone Marrow	LIN-CD11b-MHCII-CD11c+CD135+CD172aloSiglecH-Ly6C+	Ginhoux	none	000008550869_B02	B02	Regine Dress	42	13760723	9657954	70.18	11390	17736	65.42560222	70.06789588	18.95511209	pDC
DC.pDC.SigHn6Cp.BM.2	L+S-preDC.7wk.M.BM2	DC.pDC.SigHn6Cp.BM.2	DC.pDC.SigHn6Cp.BM	Dendritic Cell	Bone Marrow	LIN-CD11b-MHCII-CD11c+CD135+CD172aloSiglecH-Ly6C+	Ginhoux	none	000008550869_C02	C02	Regine Dress	42	11945024	8451655	70.75	10949	16707	64.40380585	70.02159761	19.99592729	pDC
DC.pDC.SigHn6Cp.BM.3	L+S-preDC.7wk.M.BM3	DC.pDC.SigHn6Cp.BM.3	DC.pDC.SigHn6Cp.BM	Dendritic Cell	Bone Marrow	LIN-CD11b-MHCII-CD11c+CD135+CD172aloSiglecH-Ly6C+	Ginhoux	none	000008550869_D02	D02	Regine Dress	42	7993035	5591989	69.96	10190	15526	61.27063189	65.7242972	20.72283994	pDC
DC.pDC.SigHn6Cp.Sp.1	L+S-preDC.7wk.M.Sp1	DC.pDC.SigHn6Cp.Sp.1	DC.pDC.SigHn6Cp.Sp	Dendritic Cell	Spleen	LIN-CD11b-MHCII-CD11c+CD135+CD172aloSiglecH-Ly6C+	Ginhoux	none	000008550869_H02	H02	Regine Dress	42	11190030	7900118	70.6	11213	18523	63.4884675	67.97939601	19.32492854	DC_resident_1
DC.pDC.SigHn6Cp.Sp.2	L+S-preDC.7wk.M.Sp2	DC.pDC.SigHn6Cp.Sp.2	DC.pDC.SigHn6Cp.Sp	Dendritic Cell	Spleen	LIN-CD11b-MHCII-CD11c+CD135+CD172aloSiglecH-Ly6C+	Ginhoux	none	000008550869_A03	A03	Regine Dress	42	13686613	9802375	71.62	11225	17679	64.55526594	69.73269805	19.77152982	DC_resident_1
DC.pDC.SigHn6Cp.Sp.3	L+S-preDC.7wk.M.Sp3	DC.pDC.SigHn6Cp.Sp.3	DC.pDC.SigHn6Cp.Sp	Dendritic Cell	Spleen	LIN-CD11b-MHCII-CD11c+CD135+CD172aloSiglecH-Ly6C+	Ginhoux	none	000008550869_B03	B03	Regine Dress	42	13083071	9398820	71.84	11059	16940	64.32773615	69.1452675	19.69748657	DC_resident_1
MF.64p6Cn6Gn.E14.5.Kd.1	E14-5.Kd2	MF.64p6Cn6Gn.E14.5.Kd.1	MF.64p6Cn6Gn.E14.5.Kd	Macrophage	Kidney	CD45+CD11b+F4/80+CD64+Ly6C-Ly6G-	Ginhoux	none	000008544769_D04	D04	Peter See	36	9381043	5970463	63.64	10205	19786	56.47845002	59.63076261	20.11184185	MF_embryonic_E14.5-E18.5
MF.64p6Cn6Gn.E14.5.Kd.2	E14-5.Kd3	MF.64p6Cn6Gn.E14.5.Kd.2	MF.64p6Cn6Gn.E14.5.Kd	Macrophage	Kidney	CD45+CD11b+F4/80+CD64+Ly6C-Ly6G-	Ginhoux	none	000008544769_E04	E04	Peter See	36	13356410	8953667	67.04	10904	19409	60.84914812	64.74472578	18.80714377	MF_embryonic_E14.5-E18.5
MF.64p6Cn6Gn.E14.5.Kd.3	E14-5.Kd4	MF.64p6Cn6Gn.E14.5.Kd.3	MF.64p6Cn6Gn.E14.5.Kd	Macrophage	Kidney	CD45+CD11b+F4/80+CD64+Ly6C-Ly6G-	Ginhoux	none	000008544769_F04	F04	Peter See	36	10695095	7056397	65.98	10643	20328	58.39881862	61.94476144	19.14670805	MF_embryonic_E14.5-E18.5
MF.64p6Cn6Gn.E14.5.Lu.1	E14-5.Lg2	MF.64p6Cn6Gn.E14.5.Lu.1	MF.64p6Cn6Gn.E14.5.Lu	Macrophage	Lung	CD45+CD11b+F4/80+CD64+Ly6C-Ly6G-	Ginhoux	none	000008544769_G05	G05	Peter See	36	16835700	11436576	67.93	11576	18610	62.71347083	67.09209474	18.25921667	MF_embryonic_E14.5-E18.5
MF.64p6Cn6Gn.E14.5.Lu.2	E14-5.Lg3	MF.64p6Cn6Gn.E14.5.Lu.2	MF.64p6Cn6Gn.E14.5.Lu	Macrophage	Lung	CD45+CD11b+F4/80+CD64+Ly6C-Ly6G-	Ginhoux	none	000008544769_H05	H05	Peter See	36	13582001	9281009	68.33	11105	19553	60.61597602	64.62838407	18.95892979	MF_embryonic_E14.5-E18.5
MF.64p6Cn6Gn.E14.5.Lu.3	E14-5.Lg4	MF.64p6Cn6Gn.E14.5.Lu.3	MF.64p6Cn6Gn.E14.5.Lu	Macrophage	Lung	CD45+CD11b+F4/80+CD64+Ly6C-Ly6G-	Ginhoux	none	000008544769_A06	A06	Peter See	36	12376760	8388886	67.78	11054	17891	60.23186214	64.06924795	18.9760516	MF_embryonic_E14.5-E18.5
MF.64p6Cn6Gn.E16.5.Kd.1	E16-5.Kd3	MF.64p6Cn6Gn.E16.5.Kd.1	MF.64p6Cn6Gn.E16.5.Kd	Macrophage	Kidney	CD45+CD11b+F4/80+CD64+Ly6C-Ly6G-	Ginhoux	none	000008544769_B04	B04	Peter See	36	9647086	6273046	65.03	10463	18635	56.43295311	59.90060313	19.84427695	MF_embryonic_E14.5-E18.5
MF.64p6Cn6Gn.E16.5.Kd.2	E16-5.Kd4	MF.64p6Cn6Gn.E16.5.Kd.2	MF.64p6Cn6Gn.E16.5.Kd	Macrophage	Kidney	CD45+CD11b+F4/80+CD64+Ly6C-Ly6G-	Ginhoux	none	000008544769_C04	C04	Peter See	36	16469005	10932362	66.38	11752	19352	63.39886443	67.64885454	17.72124477	MF_embryonic_E14.5-E18.5
MF.64p6Cn6Gn.E16.5.Lu.1	E16-5.Lg3	MF.64p6Cn6Gn.E16.5.Lu.1	MF.64p6Cn6Gn.E16.5.Lu	Macrophage	Lung	CD45+CD11b+F4/80+CD64+Ly6C-Ly6G-	Ginhoux	none	000008544769_E05	E05	Peter See	36	15916675	10616896	66.7	11518	19038	61.22439165	64.79754449	18.67414269	MF_embryonic_E14.5-E18.5
MF.64p6Cn6Gn.E16.5.Lu.2	E16-5.Lg4	MF.64p6Cn6Gn.E16.5.Lu.2	MF.64p6Cn6Gn.E16.5.Lu	Macrophage	Lung	CD45+CD11b+F4/80+CD64+Ly6C-Ly6G-	Ginhoux	none	000008544769_F05	F05	Peter See	36	17579125	11777125	66.99	11724	20172	62.81500029	66.6546263	17.42220017	MF_embryonic_E14.5-E18.5
MF.64p6Cn6Gn.E18.5.Br.1	E18-5.Br1	MF.64p6Cn6Gn.E18.5.Br.1	MF.64p6Cn6Gn.E18.5.Br	Microglia	Brain	CD45+CD11b+F4/80+CD64+Ly6C-Ly6G-	Ginhoux	none	000008544769_E02	E02	Peter See	36	13468771	9155510	67.98	11490	20046	61.17285462	64.75936672	18.80343308	MF_embryonic_E14.5-E18.5
MF.64p6Cn6Gn.E18.5.Br.2	E18-5.Br2	MF.64p6Cn6Gn.E18.5.Br.2	MF.64p6Cn6Gn.E18.5.Br	Microglia	Brain	CD45+CD11b+F4/80+CD64+Ly6C-Ly6G-	Ginhoux	none	000008544769_F02	F02	Peter See	36	11724993	8163023	69.62	11129	17992	59.75348818	63.39941495	18.96231837	MF_embryonic_E14.5-E18.5
MF.64p6Cn6Gn.E18.5.Co.2	E18-5.Gut2	MF.64p6Cn6Gn.E18.5.Co.2	MF.64p6Cn6Gn.E18.5.Co	Macrophage	Colon	CD45+CD11b+F4/80+CD64+Ly6C-Ly6G-	Ginhoux	none	000008544769_H02	H02	Peter See	36	8894999	6099753	68.58	10653	19133	56.06377717	59.30497368	19.81527311	MF_embryonic_E14.5-E18.5
MF.64p6Cn6Gn.E18.5.Co.3	E18-5.Gut3	MF.64p6Cn6Gn.E18.5.Co.3	MF.64p6Cn6Gn.E18.5.Co	Macrophage	Colon	CD45+CD11b+F4/80+CD64+Ly6C-Ly6G-	Ginhoux	none	000008544769_A03	A03	Peter See	36	15260831	10400211	68.15	11685	20129	61.93707749	66.14980606	18.42705677	MF_embryonic_E14.5-E18.5
MF.64p6Cn6Gn.E18.5.Dr.1	E18-5.Der1	MF.64p6Cn6Gn.E18.5.Dr.1	MF.64p6Cn6Gn.E18.5.Dr	Macrophage	Dermis	CD45+CD11b+F4/80+CD64+Ly6C-Ly6G-	Ginhoux	none	000008544769_B03	B03	Peter See	36	10752660	7175039	66.73	10424	17268	57.99272657	61.69863057	19.99207677	MF_embryonic_E14.5-E18.5
MF.64p6Cn6Gn.E18.5.Dr.2	E18-5.Der2	MF.64p6Cn6Gn.E18.5.Dr.2	MF.64p6Cn6Gn.E18.5.Dr	Macrophage	Dermis	CD45+CD11b+F4/80+CD64+Ly6C-Ly6G-	Ginhoux	none	000008544769_C03	C03	Peter See	36	12286889	8073398	65.71	10954	18591	59.2776875	63.20731543	19.12164124	MF_embryonic_E14.5-E18.5
MF.64p6Cn6Gn.E18.5.Ep.1	E18-5.Epi1	MF.64p6Cn6Gn.E18.5.Ep.1	MF.64p6Cn6Gn.E18.5.Ep	Macrophage	Epithelial Cell	CD45+CD11b+F4/80+CD64+Ly6C-Ly6G-	Ginhoux	none	000008544769_D03	D03	Peter See	36	11195791	7133057	63.71	10517	18034	57.85702487	61.24892717	19.73112235	MF_embryonic_E14.5-E18.5
MF.64p6Cn6Gn.E18.5.Ep.2	E18-5.Epi2	MF.64p6Cn6Gn.E18.5.Ep.2	MF.64p6Cn6Gn.E18.5.Ep	Macrophage	Epithelium	CD45+CD11b+F4/80+CD64+Ly6C-Ly6G-	Ginhoux	none	000008544769_E03	E03	Peter See	36	16185187	10509479	64.93	11375	17960	61.11150967	64.58578777	18.69062796	MF_embryonic_E14.5-E18.5
MF.64p6Cn6Gn.E18.5.F.Ht.1	E18-5.F.Hrt2	MF.64p6Cn6Gn.E18.5.F.Ht.1	MF.64p6Cn6Gn.E18.5.F.Ht	Macrophage	Heart	CD45+CD11b+F4/80+CD64+Ly6C-Ly6G-	Ginhoux	none	000008544769_F03	F03	Peter See	36	13679359	9047504	66.14	11582	21337	60.76030534	64.15736055	18.46414182	MF_embryonic_E14.5-E18.5
MF.64p6Cn6Gn.E18.5.F.Ht.2	E18-5.F.Hrt3	MF.64p6Cn6Gn.E18.5.F.Ht.2	MF.64p6Cn6Gn.E18.5.F.Ht	Macrophage	Heart	CD45+CD11b+F4/80+CD64+Ly6C-Ly6G-	Ginhoux	none	000008544769_G03	G03	Peter See	36	11625777	7882930	67.81	11580	20965	60.13924351	63.8465502	18.80662331	MF_embryonic_E14.5-E18.5
MF.64p6Cn6Gn.E18.5.Kd.1	E18-5.Kd1	MF.64p6Cn6Gn.E18.5.Kd.1	MF.64p6Cn6Gn.E18.5.Kd	Macrophage	Kidney	CD45+CD11b+F4/80+CD64+Ly6C-Ly6G-	Ginhoux	none	000008544769_G04	G04	Peter See	36	7468509	4979358	66.67	10267	20708	55.92303715	59.00414754	19.67562256	MF_embryonic_E14.5-E18.5
MF.64p6Cn6Gn.E18.5.Kd.2	E18-5.Kd2	MF.64p6Cn6Gn.E18.5.Kd.2	MF.64p6Cn6Gn.E18.5.Kd	Macrophage	Kidney	CD45+CD11b+F4/80+CD64+Ly6C-Ly6G-	Ginhoux	none	000008544769_H04	H04	Peter See	36	13388814	9214292	68.82	11527	16675	60.33949381	64.00996711	18.60790495	MF_embryonic_E14.5-E18.5
MF.64p6Cn6Gn.E18.5.Lv.1	E18-5.Lv1	MF.64p6Cn6Gn.E18.5.Lv.1	MF.64p6Cn6Gn.E18.5.Lv	Macrophage	Liver	CD45+CD11b+F4/80+CD64+Ly6C-Ly6G-	Ginhoux	none	000008544769_A05	A05	Peter See	36	11877871	7722735	65.02	11791	20359	58.21996641	61.3374236	19.23634024	MF_embryonic_E14.5-E18.5
MF.64p6Cn6Gn.E18.5.Lv.2	E18-5.Lv2	MF.64p6Cn6Gn.E18.5.Lv.2	MF.64p6Cn6Gn.E18.5.Lv	Macrophage	Liver	CD45+CD11b+F4/80+CD64+Ly6C-Ly6G-	Ginhoux	none	000008544769_B05	B05	Peter See	36	9736908	6285707	64.56	11453	20469	55.46767181	58.06615108	19.64687266	MF_embryonic_E14.5-E18.5
MF.64p6Cn6Gn.E18.5.Sp.1	E18-5.F.Sp2	MF.64p6Cn6Gn.E18.5.Sp.1	MF.64p6Cn6Gn.E18.5.Sp	Macrophage	Spleen	CD45+CD11b+F4/80+CD64+Ly6C-Ly6G-	Ginhoux	none	000008544769_H07	H07	Peter See	36	12765158	7846175	61.47	11704	23015	59.17791501	62.68695163	19.60258293	pDC
MF.64p6Cn6Gn.E18.5.Sp.2	E18-5.F.Sp3	MF.64p6Cn6Gn.E18.5.Sp.2	MF.64p6Cn6Gn.E18.5.Sp	Macrophage	Spleen	CD45+CD11b+F4/80+CD64+Ly6C-Ly6G-	Ginhoux	none	000008544769_A08	A08	Peter See	36	14857256	10076592	67.82	12397	22631	63.26366474	67.54353235	18.13200932	MF_embryonic_E14.5-E18.5
MF.64p6Cn6Gn.E18.5.Thy.1	E18-5.F.Thy2	MF.64p6Cn6Gn.E18.5.Thy.1	MF.64p6Cn6Gn.E18.5.Thy	Macrophage	Thymus	CD45+CD11b+F4/80+CD64+Ly6C-Ly6G-	Ginhoux	none	000008544769_B08	B08	Peter See	36	15652371	10925860	69.8	12640	16198	64.29694217	68.32103265	17.74577921	MF_embryonic_E14.5-E18.5
MF.64p6Cn6Gn.E18.5.Thy.2	E18-5.F.Thy3	MF.64p6Cn6Gn.E18.5.Thy.2	MF.64p6Cn6Gn.E18.5.Thy	Macrophage	Thymus	CD45+CD11b+F4/80+CD64+Ly6C-Ly6G-	Ginhoux	none	000008544769_C08	C08	Peter See	36	9351200	6110596	65.35	11170	18734	56.59215222	59.76331369	19.3045559	MF_embryonic_E14.5-E18.5
MF.64p6Cn6Gn.E18.5.Thy.3	E18-5.F.Thy4	MF.64p6Cn6Gn.E18.5.Thy.3	MF.64p6Cn6Gn.E18.5.Thy	Macrophage	Thymus	CD45+CD11b+F4/80+CD64+Ly6C-Ly6G-	Ginhoux	none	000008544769_D08	D08	Peter See	36	7255108	4638557	63.94	10631	18723	55.17664412	57.8797634	19.39611363	MF_embryonic_E14.5-E18.5
MF.64p6Cn6Gn.Kd.Neo.1	NB.Kd1	MF.64p6Cn6Gn.Kd.Neo.1	MF.64p6Cn6Gn.Kd.Neo	Macrophage	Kidney	CD45+CD11b+F4/80+CD64+Ly6C-Ly6G-	Ginhoux	none	000008544769_H03	H03	Peter See	36	8059152	5529180	68.61	10633	21550	57.7152403	61.04742597	19.50370998	MF_embryonic_E14.5-E18.5
MF.64p6Cn6Gn.Kd.Neo.2	NB.Kd2	MF.64p6Cn6Gn.Kd.Neo.2	MF.64p6Cn6Gn.Kd.Neo	Macrophage	Kidney	CD45+CD11b+F4/80+CD64+Ly6C-Ly6G-	Ginhoux	none	000008544769_A04	A04	Peter See	36	14177590	9752982	68.79	11566	20310	61.73012742	65.52304865	18.55163456	MF_embryonic_E14.5-E18.5
MF.64p6Cn6Gn.Lu.Neo.1	NB.Lg1	MF.64p6Cn6Gn.Lu.Neo.1	MF.64p6Cn6Gn.Lu.Neo	Macrophage	Lung	CD45+CD11b+F4/80+CD64+Ly6C-Ly6G-	Ginhoux	none	000008544769_C05	C05	Peter See	36	8068608	5391197	66.82	10545	18385	54.83661063	57.60626421	21.11195833	MF_embryonic_E14.5-E18.5
MF.64p6Cn6Gn.Lu.Neo.2	NB.Lg2	MF.64p6Cn6Gn.Lu.Neo.2	MF.64p6Cn6Gn.Lu.Neo	Macrophage	Lung	CD45+CD11b+F4/80+CD64+Ly6C-Ly6G-	Ginhoux	none	000008544769_D05	D05	Peter See	36	10576388	6836865	64.64	11103	17236	57.12733849	59.95551052	19.44372799	MF_adult_resident
DC.cDC1.XCR1p.Lv.1	DC.cDC1.LV1	DC.cDC1.XCR1p.Lv.1	DC.cDC1.XCR1p.Lv	Dendritic Cell	Liver	CD45+XCR1+CD11c+MHCII+	Guilliams	none	000008527969_E01	E01	Charlotte Scott	27	12799442	8782810	68.62	11226	18250	59.08259784	62.8130094	19.35242066	DC_resident_1
DC.cDC1.XCR1p.Lv.2	DC.cDC1.LV2	DC.cDC1.XCR1p.Lv.2	DC.cDC1.XCR1p.Lv	Dendritic Cell	Liver	CD45+XCR1+CD11c+MHCII+	Guilliams	none	000008527969_F01	F01	Charlotte Scott	27	12132181	8364837	68.95	11144	18322	59.06264314	62.95553043	19.5610465	DC_resident_1
DC.cDC1.XCR1p.Lv.3	DC.cDC1.LV3	DC.cDC1.XCR1p.Lv.3	DC.cDC1.XCR1p.Lv	Dendritic Cell	Liver	CD45+XCR1+CD11c+MHCII+	Guilliams	none	000008527969_G01	G01	Charlotte Scott	27	14504054	9930722	68.47	11512	20329	61.18881697	65.55466324	19.0784561	DC_resident_1
DC.cDC2.172ap.Lv.1	DC.cDC2.LV1	DC.cDC2.172ap.Lv.1	DC.cDC2.172ap.Lv	Dendritic Cell	Liver	CD45+CD172a+CD11c+MHCII+	Guilliams	none	000008527969_A02	A02	Charlotte Scott	27	11247045	7756503	68.96	11460	18603	59.05221683	62.97380066	19.57716872	DC_resident_1
DC.cDC2.172ap.Lv.2	DC.cDC2.LV2	DC.cDC2.172ap.Lv.2	DC.cDC2.172ap.Lv	Dendritic Cell	Liver	CD45+CD172a+CD11c+MHCII+	Guilliams	none	000008527969_B02	B02	Charlotte Scott	27	8286537	5551698	67	10700	17668	54.67369958	57.99780043	19.98228358	DC_resident_1
DC.cDC2.172ap.Lv.3	DC.cDC2.LV3	DC.cDC2.172ap.Lv.3	DC.cDC2.172ap.Lv	Dendritic Cell	Liver	CD45+CD172a+CD11c+MHCII+	Guilliams	none	000008527969_C02	C02	Charlotte Scott	27	9369670	6390187	68.2	11103	19216	56.47299355	59.82015918	19.78306797	DC_resident_1
DC.cDC2.172ap.Lv.4	DC.cDC2.LV4	DC.cDC2.172ap.Lv.4	DC.cDC2.172ap.Lv	Dendritic Cell	Liver	CD45+CD172a+CD11c+MHCII+	Guilliams	none	000008527969_D02	D02	Charlotte Scott	27	6000999	3709907	61.82	10223	18197	52.23410534	54.67891339	19.96886144	DC_resident_1
DC.pDC.120g8p11cintp6Cp.Lv.1	DC.pDC.LV1	DC.pDC.120g8p11cintp6Cp.Lv.1	DC.pDC.120g8p11cintp6Cp.Lv	Dendritic Cell	Liver	120g8+CD11c(int)Ly6C+MHCII+	Guilliams	none	000008527969_E02	E02	Charlotte Scott	27	12634154	8891295	70.38	11490	17724	61.01898317	64.94140804	18.48984089	DC_resident_2
DC.pDC.120g8p11cintp6Cp.Lv.2	DC.pDC.LV2	DC.pDC.120g8p11cintp6Cp.Lv.2	DC.pDC.120g8p11cintp6Cp.Lv	Dendritic Cell	Liver	120g8+CD11c(int)Ly6C+MHCII+	Guilliams	none	000008527969_F02	F02	Charlotte Scott	27	13824144	9742059	70.47	11719	19126	61.77590687	65.84904937	18.50315831	DC_resident_2
DC.pDC.120g8p11cintp6Cp.Lv.3	DC.pDC.LV3	DC.pDC.120g8p11cintp6Cp.Lv.3	DC.pDC.120g8p11cintp6Cp.Lv	Dendritic Cell	Liver	120g8+CD11c(int)Ly6C+MHCII+	Guilliams	none	000008527969_G02	G02	Charlotte Scott	27	10136416	7052334	69.57	11326	22641	58.70466001	62.93776791	19.32745	DC_resident_2
DC.pDC.120g8p11cintp6Cp.Lv.4	DC.pDC.LV4	DC.pDC.120g8p11cintp6Cp.Lv.4	DC.pDC.120g8p11cintp6Cp.Lv	Dendritic Cell	Liver	120g8+CD11c(int)Ly6C+MHCII+	Guilliams	none	000008527969_H02	H02	Charlotte Scott	27	10094644	6333122	62.74	11106	23043	53.60532172	55.56137504	20.97216995	DC_resident_2
MF.KC.Clec4FpTim4p64p.Lv.2	MF.KC.LV2	MF.KC.Clec4FpTim4p64p.Lv.2	MF.KC.Clec4FpTim4p64p.Lv	Macrophage	Liver	Clec4F+Tim4+CD45+F4/80+CD64+	Guilliams	none	000008527969_B01	B01	Charlotte Scott	27	13051757	9435156	72.29	12103	18421	60.67894077	64.55368662	18.55089891	MF_adult_resident
MF.KC.Clec4FpTim4p64p.Lv.3	MF.KC.LV3	MF.KC.Clec4FpTim4p64p.Lv.3	MF.KC.Clec4FpTim4p64p.Lv	Macrophage	Liver	Clec4F+Tim4+CD45+F4/80+CD64+	Guilliams	none	000008527969_C01	C01	Charlotte Scott	27	14388804	10174571	70.71	11985	18274	61.63778676	65.97703734	18.5417753	MF_adult_resident
MF.KC.Clec4FpTim4p64p.Lv.4	MF.KC.LV4	MF.KC.Clec4FpTim4p64p.Lv.4	MF.KC.Clec4FpTim4p64p.Lv	Macrophage	Liver	Clec4F+Tim4+CD45+F4/80+CD64+	Guilliams	none	000008527969_D01	D01	Charlotte Scott	27	7397292	5137424	69.45	10585	16655	54.86884998	58.55031823	19.97460091	MF_adult_resident
MF.11cpSigFp.BAL.1	MF.AM.BAL1	MF.11cpSigFp.BAL.1	MF.11cpSigFp.BAL	Macrophage	Lung	F4/80+CD11c+SiglecF+	Jakubzick	none	000008530769_E01	E01	Sophie Gibbings	29	17420783	10782319	61.89	11323	19214	61.02454877	64.61963137	19.11456373	MF_embryonic_E6.0-E8.0
MF.11cpSigFp.BAL.2	MF.AM.BAL2	MF.11cpSigFp.BAL.2	MF.11cpSigFp.BAL	Macrophage	Lung	F4/80+CD11c+SiglecF+	Jakubzick	none	000008530769_F01	F01	Sophie Gibbings	29	17709363	10606114	59.89	11121	20944	59.78807634	63.47056553	19.74359444	MF_embryonic_E6.0-E8.0
MF.64p6Cn206pIIn.Lu.1	MF.CD206+MHCII-.Lu1	MF.64p6Cn206pIIn.Lu.1	MF.64p6Cn206pIIn.Lu	Macrophage	Lung	CD11b+CD64+Ly6C-CD206+MHCII-	Jakubzick	none	000008530769_G03	G03	Sophie Gibbings	29	18028535	12025028	66.7	12581	23435	62.90802654	66.90995474	17.70784161	MG
MF.64p6Cn206pIIn.Lu.2	MF.CD206+MHCII-.Lu2	MF.64p6Cn206pIIn.Lu.2	MF.64p6Cn206pIIn.Lu	Macrophage	Lung	CD11b+CD64+Ly6C-CD206+MHCII-	Jakubzick	none	000008530769_H03	H03	Sophie Gibbings	29	13445971	9091460	67.61	11936	22716	60.57835978	64.32324425	18.8705303	MG
MF.64p6Cn206nIIp.Lu.1	MF.CD206-MHCII+.Lu1	MF.64p6Cn206nIIp.Lu.1	MF.64p6Cn206nIIp.Lu	Macrophage	Lung	CD11b+CD64+Ly6C-CD206-MHCII+	Jakubzick	none	000008530769_C05	C05	Sophie Gibbings	29	16579053	11122803	67.09	12461	21990	62.51129989	66.11287497	17.79677731	Mo
MF.64p6Cn206nIIp.Lu.2	MF.CD206-MHCII+.Lu2	MF.64p6Cn206nIIp.Lu.2	MF.64p6Cn206nIIp.Lu	Macrophage	Lung	CD11b+CD64+Ly6C-CD206-MHCII+	Jakubzick	none	000008530769_D05	D05	Sophie Gibbings	29	8576691	5646868	65.84	10950	19275	56.04350834	58.86597605	19.09983396	Mo
Mo.6Cp.Lu.4	Mo.Ly6C+.Lu4	Mo.6Cp.Lu.4	Mo.6Cp.Lu	Monocyte	Lung	CD11b+CD64+Ly6C+MHCII+	Jakubzick	none	000008530769_A03	A03	Sophie Gibbings	29	14494695	7653507	52.8	11477	20455	58.7671582	62.32440465	19.50143292	Mo
Mo.6Cp.Lu.5	Mo.Ly6C+.Lu5	Mo.6Cp.Lu.5	Mo.6Cp.Lu	Monocyte	Lung	CD11b+CD64+Ly6C+MHCII+	Jakubzick	none	000008530769_B03	B03	Sophie Gibbings	29	15270942	9677604	63.37	12458	23651	60.83441922	64.60968283	18.69670806	Mo
MF.CCR2p64p6ClonGFPp.Ht.2	MF.CCR2+.Hrt2	MF.CCR2p64p6ClonGFPp.Ht.2	MF.CCR2p64p6ClonGFPp.Ht	Macrophage	Heart	CD45+CD64+Ly6CLMHCII+GFP+	Lavine	none	000008530569_B01	B01	Geetika Bajpai	28	22965641	13431088	58.48	13925	25313	64.6893936	69.34289636	18.24857091	Mo
MF.CCR2p64p6ClonGFPp.Ht.3	MF.CCR2+.Hrt3	MF.CCR2p64p6ClonGFPp.Ht.3	MF.CCR2p64p6ClonGFPp.Ht	Macrophage	Heart	CD45+CD64+Ly6CLMHCII+GFP+	Lavine	none	000008530569_A05	A05	Geetika Bajpai	28	11493476	7567071	65.84	13046	28970	55.27042718	57.93585224	19.41290059	Mo
MF.CCR2nFlt3n64p6ClonGFPntdTomaton.Ht.1	MF.CCR2-Flt3-.Hrt1	MF.CCR2nFlt3n64p6ClonGFPntdTomaton.Ht.1	MF.CCR2nFlt3n64p6ClonGFPntdTomaton.Ht	Macrophage	Heart	CD45+CD64+Ly6CLGFP-tdTomato-	Lavine	none	000008530569_C01	C01	Geetika Bajpai	28	18891485	12262811	64.91	15314	29082	60.46267209	63.72340381	17.73621594	MG
MF.CCR2nFlt3n64p6ClonGFPntdTomaton.Ht.2	MF.CCR2-Flt3-.Hrt2	MF.CCR2nFlt3n64p6ClonGFPntdTomaton.Ht.2	MF.CCR2nFlt3n64p6ClonGFPntdTomaton.Ht	Macrophage	Heart	CD45+CD64+Ly6CLGFP-tdTomato-	Lavine	none	000008530569_D01	D01	Geetika Bajpai	28	12771710	8266828	64.73	13249	25800	58.60271887	61.69122697	18.80985397	MG
MF.CCR2nFlt3n64p6ClonGFPntdTomaton.Ht.3	MF.CCR2-Flt3-.Hrt3	MF.CCR2nFlt3n64p6ClonGFPntdTomaton.Ht.3	MF.CCR2nFlt3n64p6ClonGFPntdTomaton.Ht	Macrophage	Heart	CD45+CD64+Ly6CLGFP-tdTomato-	Lavine	none	000008530569_E04	E04	Geetika Bajpai	28	11901710	7830008	65.79	12634	22192	59.16252712	62.88571733	18.8371905	MG
MF.CCR2nFlt3n64p6ClonGFPntdTomaton.Ht.4	MF.CCR2-Flt3-.Hrt4	MF.CCR2nFlt3n64p6ClonGFPntdTomaton.Ht.4	MF.CCR2nFlt3n64p6ClonGFPntdTomaton.Ht	Macrophage	Heart	CD45+CD64+Ly6CLGFP-tdTomato-	Lavine	none	000008530569_F04	F04	Geetika Bajpai	28	12699750	8657025	68.17	12771	21392	61.61782031	65.46483638	18.03817969	MG
MF.CCR2nFlt3n64p6ClonGFPntdTomatop.Ht.1	MF.CCR2-Flt3+.Hrt1	MF.CCR2nFlt3n64p6ClonGFPntdTomatop.Ht.1	MF.CCR2nFlt3n64p6ClonGFPntdTomatop.Ht	Macrophage	Heart	CD45+CD64+Ly6CLGFP-tdTomato+	Lavine	none	000008530569_E01	E01	Geetika Bajpai	28	19020540	12638192	66.44	14615	25864	62.62870582	66.3297043	17.27868722	MG
MF.CCR2nFlt3n64p6ClonGFPntdTomatop.Ht.2	MF.CCR2-Flt3+.Hrt2	MF.CCR2nFlt3n64p6ClonGFPntdTomatop.Ht.2	MF.CCR2nFlt3n64p6ClonGFPntdTomatop.Ht	Macrophage	Heart	CD45+CD64+Ly6CLGFP-tdTomato+	Lavine	none	000008530569_F01	F01	Geetika Bajpai	28	20069002	13219365	65.87	14916	28326	61.89181106	65.58665103	17.52659968	MG
MF.PC.07	MF.PC1	MF.PC.07	MF.PC	Macrophage	Peritoneal Cavity	F4/80+ICAM2+	Lavine	none	000008530569_C04	C04	Geetika Bajpai	28	13489190	9191792	68.14	11645	18866	64.84125982	69.72636763	18.28054269	MF_adult_resident
MF.11blop64p169p.Lv.1	MF.45+11blo64+169+CII+F4/80+.Lv1	MF.11blop64p169p.Lv.1	MF.11blop64p169p.Lv	Macrophage	Liver	CD45+CD11bloCD64+CD169+MHCII+F4/80+	Lionakis	none	000008530769_G07	G07	Jigar Desai	29	15071096	9217489	61.16	12695	22030	60.43126546	64.21062928	18.22663389	Mo
MF.11blop64p169p.Lv.2	MF.45+11blo64+169+CII+F4/80+.Lv2	MF.11blop64p169p.Lv.2	MF.11blop64p169p.Lv	Macrophage	Liver	CD45+CD11bloCD64+CD169+MHCII+F4/80+	Lionakis	none	000008530769_H07	H07	Jigar Desai	29	11838775	7601815	64.21	12538	23427	59.31572642	62.17332322	18.21286048	Mo
MF.45lo.CNS.1	MF.CD45lo11b.CNS1	MF.45lo.CNS.1	MF.45lo.CNS	Microglia	Brain	CD45loCD11b+	Lionakis	none	000008530769_A07	A07	Jigar Desai	29	11333950	7321180	64.6	11520	21371	57.67979979	60.48523942	18.57597936	MG
MF.45lo.CNS.2	MF.CD45lo11b.CNS2	MF.45lo.CNS.2	MF.45lo.CNS	Microglia	Brain	CD45loCD11b+	Lionakis	none	000008530769_B07	B07	Jigar Desai	29	16035489	10024842	62.52	12199	21184	60.50444132	63.70993057	18.03697999	MG
MF.6Gn480hi.Kd.1	MF.CD45+11b+MHCII+F4/80hi.Kd1	MF.6Gn480hi.Kd.1	MF.6Gn480hi.Kd	Macrophage	Kidney	CD45+CD11b+MHCII+F4/80hiLin-Ly6G-	Lionakis	none	000008530769_C06	C06	Jigar Desai	29	13513354	8992842	66.55	11649	19211	59.95223661	63.90735628	18.39684348	MG
MF.6Gn480hi.Kd.2	MF.CD45+11b+MHCII+F4/80hi.Kd2	MF.6Gn480hi.Kd.2	MF.6Gn480hi.Kd	Macrophage	Kidney	CD45+CD11b+MHCII+F4/80hiLin-Ly6G-	Lionakis	none	000008530769_D06	D06	Jigar Desai	29	8263670	4789175	57.95	10504	19230	52.7152303	54.97642685	19.55000572	Mo
MF.PC.01	MF.ICAM2+F4/80+.PC1	MF.PC.01	MF.PC	Macrophage	Peritoneal Cavity	ICAM2+F4/80+	Lionakis	none	000008530769_C09	C09	Jigar Desai	29	10136400	6372344	62.87	10421	18603	54.89222671	58.0887657	20.29177591	MF_embryonic_E14.5-E18.5
DC.103p11bnsiglecFn.Lu.4	DC.103+.Lu4	DC.103p11bnsiglecFn.Lu.4	DC.103p11bnsiglecFn.Lu	Dendritic Cell	Lung	CD45+lin-PI-SiglecF-MHCII+CD11c+CD24+CD103+CD11b-	Merad	none	000008555669_F05	F05	Barbara Maier	43	12306340	7699902	62.57	11285	22133	51.37642821	53.32145399	19.94829945	DC_resident_2
DC.103p11bnsiglecFn.Lu.5	DC.103+.Lu5	DC.103p11bnsiglecFn.Lu.5	DC.103p11bnsiglecFn.Lu	Dendritic Cell	Lung	CD45+lin-PI-SiglecF-MHCII+CD11c+CD24+CD103+CD11b-	Merad	none	000008555669_G05	G05	Barbara Maier	43	13386914	9138902	68.27	11754	19699	57.85656858	60.9661047	19.00714353	DC_resident_1
DC.103p11bnsiglecFn.Lu.6	DC.103+.Lu6	DC.103p11bnsiglecFn.Lu.6	DC.103p11bnsiglecFn.Lu	Dendritic Cell	Lung	CD45+lin-PI-SiglecF-MHCII+CD11c+CD24+CD103+CD11b-	Merad	none	000008555669_H05	H05	Barbara Maier	43	17055394	12106601	70.98	12307	20502	61.8513135	65.88126382	18.50618096	DC_resident_1
DC.103n11bpsiglecFn.Lu.4	DC.11b+.Lu4	DC.103n11bpsiglecFn.Lu.4	DC.103n11bpsiglecFn.Lu	Dendritic Cell	Lung	CD45+lin-PI-SiglecF-MHCII+CD11c+CD24+CD103-CD11b+	Merad	none	000008555669_A06	A06	Barbara Maier	43	11696566	7173736	61.33	11289	22449	51.9554343	54.2298537	19.76851697	DC_resident_2
DC.103n11bpsiglecFn.Lu.5	DC.11b+.Lu5	DC.103n11bpsiglecFn.Lu.5	DC.103n11bpsiglecFn.Lu	Dendritic Cell	Lung	CD45+lin-PI-SiglecF-MHCII+CD11c+CD24+CD103-CD11b+	Merad	none	000008555669_B06	B06	Barbara Maier	43	16663551	11239030	67.45	12541	21162	60.28937438	63.44442993	18.41204528	DC_resident_2
DC.103n11bpsiglecFn.Lu.6	DC.11b+.Lu6	DC.103n11bpsiglecFn.Lu.6	DC.103n11bpsiglecFn.Lu	Dendritic Cell	Lung	CD45+lin-PI-SiglecF-MHCII+CD11c+CD24+CD103-CD11b+	Merad	none	000008555669_C06	C06	Barbara Maier	43	14305374	9199021	64.3	11738	22651	54.49466113	56.31766013	19.98727684	DC_resident_2
DC.8p4n.Sp.1	DC.8+.Sp1	DC.8p4n.Sp.1	DC.8p4n.Sp	Dendritic Cell	Spleen	CD45+MHCII+CD11c+CD8+CD4-	Merad	none	SSF1856_F07	F07	Barbara Maier	21	14749958	13163980	90.3	12304	19326	64.43030975	68.72748465	17.36514199	DC_resident_2
DC.8p4n.Sp.2	DC.8+.Sp2	DC.8p4n.Sp.2	DC.8p4n.Sp	Dendritic Cell	Spleen	CD45+MHCII+CD11c+CD8+CD4-	Merad	none	SSF1857_F07	F07	Barbara Maier	21	14912052	11570508	89.7	12011	22145	61.876608	65.75699594	18.33616407	DC_resident_2
DC.8p4n.Sp.3	DC.8+.Sp3	DC.8p4n.Sp.3	DC.8p4n.Sp	Dendritic Cell	Spleen	CD45+MHCII+CD11c+CD8+CD4-	Merad	none	SSF1857_C12	C12	Barbara Maier	21	6709863	5098480	88.6	10068	18018	46.45214451	46.41765347	21.96852427	DC_resident_2
DC.mig.103p.LuLN.1	DC.mig.103+.LuLN1	DC.mig.103p.LuLN.1	DC.mig.103p.LuLN	Dendritic Cell	Mediastinal LN	CD45+lin-PI-MHCIIhiCD11c+CD103+CD11b-	Merad	none	000008555669_D06	D06	Barbara Maier	43	8376149	5285195	63.1	10605	22156	49.29859268	50.3026926	20.57160919	DC_mig_1
DC.mig.103p.LuLN.2	DC.mig.103+.LuLN2	DC.mig.103p.LuLN.2	DC.mig.103p.LuLN	Dendritic Cell	Mediastinal LN	CD45+lin-PI-MHCIIhiCD11c+CD103+CD11b-	Merad	none	000008555669_E06	E06	Barbara Maier	43	12917186	7698295	59.6	11137	23369	51.21079664	52.73656218	20.63100109	DC_mig_1
DC.mig.103p.LuLN.3	DC.mig.103+.LuLN3	DC.mig.103p.LuLN.3	DC.mig.103p.LuLN	Dendritic Cell	Mediastinal LN	CD45+lin-PI-MHCIIhiCD11c+CD103+CD11b-	Merad	none	000008555669_F06	F06	Barbara Maier	43	11188574	7008442	62.64	10393	18978	48.58145743	49.43126021	21.3231091	DC_mig_1
DC.mig.11bp.LuLN.1	DC.mig.11b+.LuLN1	DC.mig.11bp.LuLN.1	DC.mig.11bp.LuLN	Dendritic Cell	Mediastinal LN	CD45+lin-PI-MHCIIhiCD11c+CD103-CD11b+	Merad	none	000008555669_G06	G06	Barbara Maier	43	12705821	7610572	59.9	11533	23470	49.43284251	50.28467333	21.00419293	DC_mig_1
DC.mig.11bp.LuLN.2	DC.mig.11b+.LuLN2	DC.mig.11bp.LuLN.2	DC.mig.11bp.LuLN	Dendritic Cell	Mediastinal LN	CD45+lin-PI-MHCIIhiCD11c+CD103-CD11b+	Merad	none	000008555669_H06	H06	Barbara Maier	43	12240800	7649626	62.49	11644	20747	51.32384345	52.33097229	20.879288	DC_mig_1
DC.res.11bp.LuLN.1	DC.res.CD8+.LuLN1	DC.res.11bp.LuLN.1	DC.res.11bp.LuLN	Dendritic Cell	Mediastinal LN	CD45+lin-PI-MHCII+CD11chiCD8-CD11b+	Merad	none	000008555669_A07	A07	Barbara Maier	43	16607714	10967874	66.04	12256	21511	59.76661105	63.21798163	19.29511782	DC_resident_1
DC.res.11bp.LuLN.2	DC.res.CD8+.LuLN2	DC.res.11bp.LuLN.2	DC.res.11bp.LuLN	Dendritic Cell	Mediastinal LN	CD45+lin-PI-MHCII+CD11chiCD8-CD11b+	Merad	none	000008555669_B07	B07	Barbara Maier	43	17841373	11660614	65.36	12449	22285	60.11045116	63.32045553	18.83532167	DC_resident_1
DC.res.11bp.LuLN.3	DC.res.CD8+.LuLN3	DC.res.11bp.LuLN.3	DC.res.11bp.LuLN	Dendritic Cell	Mediastinal LN	CD45+lin-PI-MHCII+CD11chiCD8-CD11b+	Merad	none	000008555669_C07	C07	Barbara Maier	43	18389961	11978446	65.14	12376	22637	60.17583838	63.52702199	18.81062499	DC_resident_1
DC.res.8p.LuLN.1	DC.res.11b+.LuLN1	DC.res.8p.LuLN.1	DC.res.8p.LuLN	Dendritic Cell	Mediastinal LN	CD45+lin-PI-MHCII+CD11chiCD8+CD11b-	Merad	none	000008555669_D07	D07	Barbara Maier	43	11642152	7520826	64.6	10976	18453	56.74057812	59.46683509	19.80302511	DC_resident_1
DC.res.8p.LuLN.2	DC.res.11b+.LuLN2	DC.res.8p.LuLN.2	DC.res.8p.LuLN	Dendritic Cell	Mediastinal LN	CD45+lin-PI-MHCII+CD11chiCD8+CD11b-	Merad	none	000008555669_E07	E07	Barbara Maier	43	13083359	8541068	65.28	11789	20620	56.4302141	59.65360509	19.78653227	DC_resident_1
DC.res.8p.LuLN.3	DC.res.11b+.LuLN3	DC.res.8p.LuLN.3	DC.res.8p.LuLN	Dendritic Cell	Mediastinal LN	CD45+lin-PI-MHCII+CD11chiCD8+CD11b-	Merad	none	000008555669_F07	F07	Barbara Maier	43	13381272	8361321	62.49	11533	20289	50.97652603	51.91731143	20.99460058	DC_resident_2
MF.alv.6GnSigFp11cp.Lu.1	MF.Alv.Lu1	MF.alv.6GnSigFp11cp.Lu.1	MF.alv.6GnSigFp11cp.Lu	Macrophage	Lung	CD45+Ly6G-SiglecF+CD11c+	Merad	none	SSF1856_D07	D07	Barbara Maier	21	10116016	6645039	89.7	10445	17436	59.00884598	62.42812742	18.96217245	MF_embryonic_E14.5-E18.5
MF.alv.6GnSigFp11cp.Lu.2	MF.Alv.Lu2	MF.alv.6GnSigFp11cp.Lu.2	MF.alv.6GnSigFp11cp.Lu	Macrophage	Lung	CD45+Ly6G-SiglecF+CD11c+	Merad	none	SSF1857_D07	D07	Barbara Maier	21	7515723	4241052	88.5	9760	17044	53.49396499	56.3387558	19.95837053	MF_embryonic_E14.5-E18.5
MF.microglia.cerebel.CNS.1	MF.cerebel.microglia.CNS1	MF.microglia.cerebel.CNS.1	MF.microglia.cerebel.CNS	Microglia	Brain	CD45loCD11b+	Merad	none	SSF-2004_F12	F12	Barbara Maier	22	8342331	6169224	73.95	11466	20041	58.10646951	61.28456094	18.90360185	MG
MF.microglia.cerebel.CNS.2	MF.cerebel.microglia.CNS2	MF.microglia.cerebel.CNS.2	MF.microglia.cerebel.CNS	Microglia	Brain	CD45loCD11b+	Merad	none	SSF-2004_G12	G12	Barbara Maier	22	7207181	5483150	76.08	11205	18365	57.28836728	60.41845839	18.97349656	MG
MF.microglia.cerebr.CNS.1	MF.cerebr.cx.microglia.CNS1	MF.microglia.cerebr.CNS.1	MF.microglia.cerebr.CNS	Microglia	Brain	CD45loCD11b+	Merad	none	SSF-2004_C12	C12	Barbara Maier	22	7233614	5500401	76.04	10899	19195	58.16922481	61.86330669	18.80451189	MG
MF.microglia.cerebr.CNS.2	MF.cerebr.cx.microglia.CNS2	MF.microglia.cerebr.CNS.2	MF.microglia.cerebr.CNS	Microglia	Brain	CD45loCD11b+	Merad	none	SSF-2004_D12	D12	Barbara Maier	22	4629380	3449921	74.52	9992	17575	52.60131007	54.77582846	19.47896072	MG
MF.microglia.cerebr.CNS.3	MF.cerebr.cx.microglia.CNS3	MF.microglia.cerebr.CNS.3	MF.microglia.cerebr.CNS	Microglia	Brain	CD45loCD11b+	Merad	none	SSF-2004_E12	E12	Barbara Maier	22	6622462	4956817	74.85	10696	19113	57.12323779	60.67633989	18.99349242	MG
MG.cerebel.1	MG.cerebel1	MG.cerebel.1	MG.cerebel	Microglia	Brain	lin-PI-CD45intCD11b+	Merad	none	000008555669_G07	G07	Barbara Maier	43	14394586	9318338	64.74	12504	24298	54.83745111	56.67063933	19.20013419	MG
MG.cerebel.2	MG.cerebel2	MG.cerebel.2	MG.cerebel	Microglia	Brain	lin-PI-CD45intCD11b+	Merad	none	000008555669_H07	H07	Barbara Maier	43	16251054	11363375	69.92	13040	25447	58.9926408	61.70939004	18.44979468	MG
MG.cerebel.3	MG.cerebel3	MG.cerebel.3	MG.cerebel	Microglia	Brain	lin-PI-CD45intCD11b+	Merad	none	000008555669_A08	A08	Barbara Maier	43	16899980	12121942	71.73	13380	25570	61.30175889	64.66623805	17.50903113	MG
MG.cortex.1	MG.cortex1	MG.cortex.1	MG.cortex	Microglia	Brain	lin-PI-CD45intCD11b+	Merad	none	000008555669_E08	E08	Barbara Maier	43	13225710	8909808	67.37	12081	23645	56.49381991	58.54851333	18.35742007	MG
MG.cortex.2	MG.cortex2	MG.cortex.2	MG.cortex	Microglia	Brain	lin-PI-CD45intCD11b+	Merad	none	000008555669_F08	F08	Barbara Maier	43	17521360	12527291	71.5	12885	23584	62.59414503	65.81717777	16.98043598	MG
MG.cortex.3	MG.cortex3	MG.cortex.3	MG.cortex	Microglia	Brain	lin-PI-CD45intCD11b+	Merad	none	000008555669_G08	G08	Barbara Maier	43	21328407	15271692	71.6	13446	24842	63.94935785	67.42485914	16.92434921	MG
MG.hippo.1	MG.hippo1	MG.hippo.1	MG.hippo	Microglia	Brain	lin-PI-CD45intCD11b+	Merad	none	000008555669_B08	B08	Barbara Maier	43	14755433	10474396	70.99	12544	25008	60.0108706	62.88199229	17.7342313	MG
MG.hippo.2	MG.hippo2	MG.hippo.2	MG.hippo	Microglia	Brain	lin-PI-CD45intCD11b+	Merad	none	000008555669_C08	C08	Barbara Maier	43	17003286	11675467	68.67	12949	25617	61.78924449	64.73055777	17.14619174	MG
MG.hippo.3	MG.hippo3	MG.hippo.3	MG.hippo	Microglia	Brain	lin-PI-CD45intCD11b+	Merad	none	000008555669_D08	D08	Barbara Maier	43	7279395	4878967	67.02	10519	22370	50.02295748	51.41701349	19.51260007	MG
Mo.6Cn.Bl.3	Mo.Ly6C-.Bl1	Mo.6Cn.Bl.3	Mo.6Cn.Bl	Monocyte	Blood	CD45+CD3-B220-CD11b+Ly6C-Cx3cr1+	Merad	NA	000008508669_F03	F03	Barbara Maier	24	15684673	11245751	71.7	12294	27400	62.51683852	66.54163807	18.69859892	Mo
Mo.6Cn.Lu.1	Mo.Ly6C-.Lu1	Mo.6Cn.Lu.1	Mo.6Cn.Lu	Monocyte	Lung	CD45+Ly6G-SiglecF-F4/80+Ly6C-CD11b+Cx3cr1+	Merad	NA	000008508669_E02	E02	Barbara Maier	24	13564308	9759419	71.95	12317	26915	62.74441609	66.93751421	18.10759928	Mo
Mo.6Cn.Lu.2	Mo.Ly6C-.Lu2	Mo.6Cn.Lu.2	Mo.6Cn.Lu	Monocyte	Lung	CD45+Ly6G-SiglecF-F4/80+Ly6C-CD11b+Cx3cr1+	Merad	NA	000008508669_F02	F02	Barbara Maier	24	16615395	9206754	55.41	12717	30180	59.89207453	63.91846408	18.40330106	Mo
Mo.6Cn.Lu.3	Mo.Ly6C-.Lu3	Mo.6Cn.Lu.3	Mo.6Cn.Lu	Monocyte	Lung	CD45+Ly6G-SiglecF-F4/80+Ly6C-CD11b+Cx3cr1+	Merad	NA	000008508669_G02	G02	Barbara Maier	24	15958399	9631626	60.35	12790	29628	60.48980604	64.21469668	18.40197888	Mo
Mo.6Cp.Bl.3	Mo.Ly6C+.Bl1	Mo.6Cp.Bl.3	Mo.6Cp.Bl	Monocyte	Blood	CD45+CD3-B220-CD11b+Ly6C+	Merad	NA	000008508669_C03	C03	Barbara Maier	24	16460780	11688301	71.01	12721	29002	65.34656655	69.54860944	17.31635174	Mo
Mo.6Cp.Bl.4	Mo.Ly6C+.Bl2	Mo.6Cp.Bl.4	Mo.6Cp.Bl	Monocyte	Blood	CD45+CD3-B220-CD11b+Ly6C+	Merad	NA	000008508669_D03	D03	Barbara Maier	24	11112643	6237177	56.13	10962	28204	56.18563715	59.39540268	19.69642037	Mo
Mo.6Cp.Bl.5	Mo.Ly6C+.Bl3	Mo.6Cp.Bl.5	Mo.6Cp.Bl	Monocyte	Blood	CD45+CD3-B220-CD11b+Ly6C+	Merad	NA	000008508669_E03	E03	Barbara Maier	24	13956440	9810354	70.29	11776	25302	63.39258978	67.24441327	18.3113216	Mo
Mo.6Cp.Lu.1	Mo.Ly6C+.Lu1	Mo.6Cp.Lu.1	Mo.6Cp.Lu	Monocyte	Lung	CD45+Ly6G-SiglecF-F4/80+Ly6C+CD11b+	Merad	NA	000008508669_B02	B02	Barbara Maier	24	15767897	9674200	61.35	11934	27061	62.29898835	66.60175634	18.60930435	Mo
Mo.6Cp.Lu.2	Mo.Ly6C+.Lu2	Mo.6Cp.Lu.2	Mo.6Cp.Lu	Monocyte	Lung	CD45+Ly6G-SiglecF-F4/80+Ly6C+CD11b+	Merad	NA	000008508669_C02	C02	Barbara Maier	24	14919698	10603695	71.07	12379	27342	64.25483149	68.42735812	17.73324613	Mo
Mo.6Cp.Lu.3	Mo.Ly6C+.Lu3	Mo.6Cp.Lu.3	Mo.6Cp.Lu	Monocyte	Lung	CD45+Ly6G-SiglecF-F4/80+Ly6C+CD11b+	Merad	NA	000008508669_D02	D02	Barbara Maier	24	10732163	6531831	60.86	10656	24273	59.31912784	62.79939877	18.98248706	Mo
DC.8ap.MLN.1	DC.CD8a+.MLN3	DC.8ap.MLN.1	DC.8ap.MLN	Dendritic Cell	Lymph Node (Mesenteric)	PI-(CD3/CD19/NK1.1/Ly6G)-CD11c+MHC+CD8a+	Paidassi	7 mice pooled for this sample	000008530569_H05	H05	Helena Paidassi	28	13028935	8162325	62.65	12330	24478	59.15455077	62.49473159	18.82748282	DC_resident_2
DC.8ap.MLN.2	DC.CD8a+.MLN4	DC.8ap.MLN.2	DC.8ap.MLN	Dendritic Cell	Lymph Node (Mesenteric)	PI-(CD3/CD19/NK1.1/Ly6G)-CD11c+MHC+CD8a+	Paidassi	8 mice pooled for this sample	000008530569_A06	A06	Helena Paidassi	28	14785979	9235771	62.46	12043	20649	61.85514098	64.93087551	17.66017612	DC_resident_1
DC.8ap.MLN.3	DC.CD8a+.MLN5	DC.8ap.MLN.3	DC.8ap.MLN	Dendritic Cell	Lymph Node (Mesenteric)	PI-(CD3/CD19/NK1.1/Ly6G)-CD11c+MHC+CD8a+	Paidassi	8 mice pooled for this sample	000008550869_G03	G03	Helena Paidassi	42	13063420	9266124	70.93	11013	17204	63.59528277	68.38866234	19.77325173	DC_resident_1
DC.8ap.MLN.4	DC.CD8a+.MLN6	DC.8ap.MLN.4	DC.8ap.MLN	Dendritic Cell	Lymph Node (Mesenteric)	PI-(CD3/CD19/NK1.1/Ly6G)-CD11c+MHC+CD8a+	Paidassi	8 mice pooled for this sample	000008550869_H03	H03	Helena Paidassi	42	10652239	7401414	69.48	11130	23918	61.61242732	66.09142193	20.26228867	DC_resident_1
DC.8ap.PP.1	DC.CD8a+.PP3	DC.8ap.PP.1	DC.8ap.PP	Dendritic Cell	Peyer's Patch	PI-(CD3/CD19/NK1.1/Ly6G)-CD11c+MHC+CD8a+	Paidassi	7 mice pooled for this sample	000008530569_H06	H06	Helena Paidassi	28	10047460	6513387	64.83	11191	19877	60.15167437	63.96660887	19.14769551	DC_resident_1
DC.8ap.PP.3	DC.CD8a+.PP5	DC.8ap.PP.3	DC.8ap.PP	Dendritic Cell	Peyer's Patch	PI-(CD3/CD19/NK1.1/Ly6G)-CD11c+MHC+CD8a+	Paidassi	8 mice pooled for this sample	000008550869_G04	G04	Helena Paidassi	42	7505697	5305752	70.69	10227	16087	59.84790894	64.22740859	21.06669569	DC_resident_1
DC.8ap.PP.4	DC.CD8a+.PP6	DC.8ap.PP.4	DC.8ap.PP	Dendritic Cell	Peyer's Patch	PI-(CD3/CD19/NK1.1/Ly6G)-CD11c+MHC+CD8a+	Paidassi	8 mice pooled for this sample	000008550869_H04	H04	Helena Paidassi	42	8122561	5585778	68.77	10677	23120	58.85755989	62.24078763	20.9082485	DC_resident_1
DC.8an103n.MLN.1	DC.CD103+CD11b-.MLN3	DC.8an103n.MLN.1	DC.8an103n.MLN	Dendritic Cell	Lymph Node (Mesenteric)	PI-(CD3/CD19/NK1.1/Ly6G)-CD11c+MHC+CD8a-CD103-CD11b+	Paidassi	7 mice pooled for this sample	000008530569_D06	D06	Helena Paidassi	28	10693128	6462576	60.44	11549	26742	49.72805273	51.55547024	21.43713254	DC_mig_2
DC.8an103n.MLN.2	DC.CD103+CD11b-.MLN4	DC.8an103n.MLN.2	DC.8an103n.MLN	Dendritic Cell	Lymph Node (Mesenteric)	PI-(CD3/CD19/NK1.1/Ly6G)-CD11c+MHC+CD8a-CD103-CD11b+	Paidassi	8 mice pooled for this sample	000008530569_E06	E06	Helena Paidassi	28	17974511	11322303	62.99	13327	22800	55.68922443	60.62717258	22.68406663	DC_mig_2
DC.8an103n.MLN.3	DC.CD103+CD11b-.MLN5	DC.8an103n.MLN.3	DC.8an103n.MLN	Dendritic Cell	Lymph Node (Mesenteric)	PI-(CD3/CD19/NK1.1/Ly6G)-CD11c+MHC+CD8a-CD103-CD11b+	Paidassi	8 mice pooled for this sample	000008550869_C04	C04	Helena Paidassi	42	13314303	9600208	72.1	11269	18915	60.08276157	64.1225573	20.8086358	DC_mig_1
DC.8an103n.PP.1	DC.CD103+CD11b-.PP3	DC.8an103n.PP.1	DC.8an103n.PP	Dendritic Cell	Peyer's Patch	PI-(CD3/CD19/NK1.1/Ly6G)-CD11c+MHC+CD8a-CD103-CD11b+	Paidassi	7 mice pooled for this sample	000008530569_D07	D07	Helena Paidassi	28	11072415	7086902	64.01	11941	23045	58.97326983	62.40250557	18.51827905	DC_resident_2
DC.8an103n.PP.3	DC.CD103+CD11b-.PP5	DC.8an103n.PP.3	DC.8an103n.PP	Dendritic Cell	Peyer's Patch	PI-(CD3/CD19/NK1.1/Ly6G)-CD11c+MHC+CD8a-CD103-CD11b+	Paidassi	8 mice pooled for this sample	000008550869_C05	C05	Helena Paidassi	42	12172454	8674335	71.26	11094	17091	62.21591203	67.32858626	21.19560665	pDC
DC.8an103n.PP.4	DC.CD103+CD11b-.PP6	DC.8an103n.PP.4	DC.8an103n.PP	Dendritic Cell	Peyer's Patch	PI-(CD3/CD19/NK1.1/Ly6G)-CD11c+MHC+CD8a-CD103-CD11b+	Paidassi	8 mice pooled for this sample	000008550869_D05	D05	Helena Paidassi	42	5696091	4090596	71.81	10230	17027	54.23900786	57.83480522	23.43071689	pDC
DC.8an103p.MLN.1	DC.CD103+CD11b+.MLN3	DC.8an103p.MLN.1	DC.8an103p.MLN	Dendritic Cell	Lymph Node (Mesenteric)	PI-(CD3/CD19/NK1.1/Ly6G)-CD11c+MHC+CD8a-CD103+CD11b+	Paidassi	7 mice pooled for this sample	000008530569_B06	B06	Helena Paidassi	28	18107973	12149751	67.1	12492	22620	59.23856867	63.38164533	20.64960535	DC_mig_2
DC.8an103p.MLN.2	DC.CD103+CD11b+.MLN4	DC.8an103p.MLN.2	DC.8an103p.MLN	Dendritic Cell	Lymph Node (Mesenteric)	PI-(CD3/CD19/NK1.1/Ly6G)-CD11c+MHC+CD8a-CD103+CD11b+	Paidassi	8 mice pooled for this sample	000008530569_C06	C06	Helena Paidassi	28	14102497	9635402	68.32	11750	19737	56.27070189	60.00478732	20.85815914	DC_mig_2
DC.8an103p.MLN.3	DC.CD103+CD11b+.MLN5	DC.8an103p.MLN.3	DC.8an103p.MLN	Dendritic Cell	Lymph Node (Mesenteric)	PI-(CD3/CD19/NK1.1/Ly6G)-CD11c+MHC+CD8a-CD103+CD11b+	Paidassi	8 mice pooled for this sample	000008550869_A04	A04	Helena Paidassi	42	11589793	8392437	72.41	11049	17689	59.96407308	64.64663679	21.19608204	DC_mig_1
DC.8an103p.MLN.4	DC.CD103+CD11b+.MLN6	DC.8an103p.MLN.4	DC.8an103p.MLN	Dendritic Cell	Lymph Node (Mesenteric)	PI-(CD3/CD19/NK1.1/Ly6G)-CD11c+MHC+CD8a-CD103+CD11b+	Paidassi	8 mice pooled for this sample	000008550869_B04	B04	Helena Paidassi	42	13029411	9293139	71.32	12089	25283	59.95881951	64.20109062	20.56725369	DC_mig_1
DC.8an103p.PP.1	DC.CD103+CD11b+.PP3	DC.8an103p.PP.1	DC.8an103p.PP	Dendritic Cell	Peyer's Patch	PI-(CD3/CD19/NK1.1/Ly6G)-CD11c+MHC+CD8a-CD103+CD11b+	Paidassi	7 mice pooled for this sample	000008530569_B07	B07	Helena Paidassi	28	17434128	11781774	67.58	12591	22694	66.53345898	71.47375052	18.17004997	DC_resident_1
DC.8an103p.PP.3	DC.CD103+CD11b+.PP5	DC.8an103p.PP.3	DC.8an103p.PP	Dendritic Cell	Peyer's Patch	PI-(CD3/CD19/NK1.1/Ly6G)-CD11c+MHC+CD8a-CD103+CD11b+	Paidassi	8 mice pooled for this sample	000008550869_A05	A05	Helena Paidassi	42	10726686	7522889	70.13	11039	17704	61.17620553	66.15825788	21.36487675	pDC
DC.8an103p.PP.4	DC.CD103+CD11b+.PP6	DC.8an103p.PP.4	DC.8an103p.PP	Dendritic Cell	Peyer's Patch	PI-(CD3/CD19/NK1.1/Ly6G)-CD11c+MHC+CD8a-CD103+CD11b+	Paidassi	8 mice pooled for this sample	000008550869_B05	B05	Helena Paidassi	42	13666666	9696069	70.95	12212	24798	62.48149331	66.98188773	19.91312319	DC_resident_1
DC.8an103n11bn.MLN.1	DC.CD103-CD11b+.MLN3	DC.8an103n11bn.MLN.1	DC.8an103n11bn.MLN	Dendritic Cell	Lymph Node (Mesenteric)	PI-(CD3/CD19/NK1.1/Ly6G)-CD11c+MHC+CD8a-CD103-CD11b-	Paidassi	7 mice pooled for this sample	000008530569_F06	F06	Helena Paidassi	28	15260592	9905927	64.91	12906	23160	60.90886229	64.29981644	17.75681502	DC_resident_2
DC.8an103n11bn.MLN.2	DC.CD103-CD11b+.MLN4	DC.8an103n11bn.MLN.2	DC.8an103n11bn.MLN	Dendritic Cell	Lymph Node (Mesenteric)	PI-(CD3/CD19/NK1.1/Ly6G)-CD11c+MHC+CD8a-CD103-CD11b-	Paidassi	8 mice pooled for this sample	000008530569_G06	G06	Helena Paidassi	28	19530118	12644086	64.74	14237	23808	64.32278863	68.12229318	17.27345112	DC_resident_2
DC.8an103n11bn.PP.1	DC.CD103-CD11b+.PP3	DC.8an103n11bn.PP.1	DC.8an103n11bn.PP	Dendritic Cell	Peyer's Patch	PI-(CD3/CD19/NK1.1/Ly6G)-CD11c+MHC+CD8a-CD103-CD11b-	Paidassi	7 mice pooled for this sample	000008530569_F07	F07	Helena Paidassi	28	18990316	13201139	69.52	13165	21564	67.02735925	71.67105347	17.31014415	DC_resident_1
DC.8an103n11bn.PP.3	DC.CD103-CD11b+.PP5	DC.8an103n11bn.PP.3	DC.8an103n11bn.PP	Dendritic Cell	Peyer's Patch	PI-(CD3/CD19/NK1.1/Ly6G)-CD11c+MHC+CD8a-CD103-CD11b-	Paidassi	8 mice pooled for this sample	000008550869_E05	E05	Helena Paidassi	42	13034395	9469947	72.65	11945	19006	63.83199897	68.51384527	19.64687643	DC_resident_1
DC.8an103n11bn.PP.4	DC.CD103-CD11b+.PP6	DC.8an103n11bn.PP.4	DC.8an103n11bn.PP	Dendritic Cell	Peyer's Patch	PI-(CD3/CD19/NK1.1/Ly6G)-CD11c+MHC+CD8a-CD103-CD11b-	Paidassi	8 mice pooled for this sample	000008550869_F05	F05	Helena Paidassi	42	10135677	7275963	71.79	11216	20018	60.75060688	65.54613317	21.36247094	pDC
MF.226pIIp.PC.1	PC.SPM3	MF.226pIIp.PC.1	MF.226pIIp.PC	Macrophage	Peritoneal Cavity	CD11b+CD115+MHCII+CD226+	Randolph	NA	000008550869_B06	B06	Kiwook Kim	42	13441266	9571477	71.21	10689	16151	62.80054697	68.13034007	20.84729377	MF_PC_Alv
MF.226pIIp.PC.3	PC.SPM5	MF.226pIIp.PC.3	MF.226pIIp.PC	Macrophage	Peritoneal Cavity	CD11b+CD115+MHCII+CD226+	Randolph	NA	000008550869_D06	D06	Kiwook Kim	42	6033541	4206677	69.72	9180	13995	55.18889173	59.24423	23.74249734	MF_PC_Alv
MF.226pIIp.PC.4	PC.SPM6	MF.226pIIp.PC.4	MF.226pIIp.PC	Macrophage	Peritoneal Cavity	CD11b+CD115+MHCII+CD226+	Randolph	NA	000008550869_E06	E06	Kiwook Kim	42	14290424	10195326	71.34	10790	16660	63.38233755	68.38973601	20.50572756	MF_PC_Alv
MF.226pIIp480lo.PC.1	MF.ICAM2+480hi.PC2	MF.226pIIp480lo.PC.1	MF.226pIIp480lo.PC	Macrophage	Peritoneal Cavity	CD115+CD11b+F4/80+CD102+MHCIIloCD226-	Randolph	480hi and 480lo samples accidentally swapped	SSF-2004_A10	A10	Kiwook Kim	22	5204094	3626783	69.69	9614	17053	55.00784299	58.53860774	21.11750534	MF_embryonic_E14.5-E18.5
MF.226pIIp480lo.PC.2	MF.ICAM2+480hi.PC1	MF.226pIIp480lo.PC.2	MF.226pIIp480lo.PC	Macrophage	Peritoneal Cavity	CD115+CD11b+F4/80+CD102+MHCIIloCD226-	Randolph	480hi and 480lo samples accidentally swapped	SSF-2004_H09	H9	Kiwook Kim	22	7351768	5200237	70.73	10171	17729	59.68049037	64.550625	20.25098346	MF_embryonic_E14.5-E18.5
MF.480p.SP.1	MF.480+.SP1	MF.480p.SP.1	MF.480p.SP	Macrophage	Spleen	CD19-Ly6G-CD115-CD45+CD11bloF4/80+MerTK+CD64+	Randolph	NA	SSF-2004_F09	F9	Kiwook Kim	22	6718602	4766147	70.94	10767	17659	56.67898896	60.22948914	19.47219897	MG
MF.480p.SP.2	MF.480+.SP2	MF.480p.SP.2	MF.480p.SP	Macrophage	Spleen	CD19-Ly6G-CD115-CD45+CD11bloF4/80+MerTK+CD64+	Randolph	NA	SSF-2004_G09	G9	Kiwook Kim	22	6146819	4641802	75.52	10647	17553	58.36035893	62.44699623	19.18168449	MG
MF.480p64pMerTKp.WAT.1	AT.Ing1	MF.480p64pMerTKp.WAT.1	MF.480p64pMerTKp.WAT	Macrophage	Inguinal fat	CD45+CD11b+MerTK+CD64+F4/80+	Randolph	NA	000008550869_A07	A07	Kiwook Kim	42	8996646	6547193	72.77	10579	16693	59.07393996	63.41409682	21.76103173	MF_adult_resident
MF.480p64pMerTKp.WAT.2	AT.Ing2	MF.480p64pMerTKp.WAT.2	MF.480p64pMerTKp.WAT	Macrophage	Inguinal fat	CD45+CD11b+MerTK+CD64+F4/80+	Randolph	NA	000008550869_B07	B07	Kiwook Kim	42	9463806	7022132	74.2	11246	18430	60.68668026	65.12917803	20.80140972	MF_adult_resident
MF.480p64pMerTKp.WAT.3	AT.Ing3	MF.480p64pMerTKp.WAT.3	MF.480p64pMerTKp.WAT	Macrophage	Inguinal fat	CD45+CD11b+MerTK+CD64+F4/80+	Randolph	NA	000008550869_C07	C07	Kiwook Kim	42	11573604	8543925	73.82	11017	18542	61.53492354	65.98517212	20.68034264	MF_adult_resident
MF.480p64pLyve1p.MS.1	MS.Meso1	MF.480p64pLyve1p.MS.1	MF.480p64pLyve1p.MS	Macrophage	Mesenteric Sheet	CD45+CD11b+CD64+F4/80+Lyve1+	Randolph	NA	000008550869_H07	H07	Kiwook Kim	42	5406142	4204432	77.77	9634	15826	54.46704723	58.15837792	23.32343263	MF_adult_resident
MF.480p64pLyve1p.MS.2	MS.Meso2	MF.480p64pLyve1p.MS.2	MF.480p64pLyve1p.MS	Macrophage	Mesenteric Sheet	CD45+CD11b+CD64+F4/80+Lyve1+	Randolph	NA	000008550869_A08	A08	Kiwook Kim	42	6700531	4995903	74.56	9759	15776	53.82171158	57.61647303	24.0986158	MF_adult_resident
MF.480p64pLyve1p.MS.3	MS.Meso3	MF.480p64pLyve1p.MS.3	MF.480p64pLyve1p.MS	Macrophage	Mesenteric Sheet	CD45+CD11b+CD64+F4/80+Lyve1+	Randolph	NA	000008550869_B08	B08	Kiwook Kim	42	8959588	6850901	76.46	10461	16232	59.33007427	64.38581937	22.48643331	MF_adult_resident
MF.480p64pLyve1p.MS.4	MS.Meso4	MF.480p64pLyve1p.MS.4	MF.480p64pLyve1p.MS	Macrophage	Mesenteric Sheet	CD45+CD11b+CD64+F4/80+Lyve1+	Randolph	NA	000008550869_C08	C08	Kiwook Kim	42	9395782	7070986	75.26	10544	16740	59.59514693	64.91277994	22.01463612	MF_adult_resident
MF.480p64pMerTKp.AT.1	AT.Epi1	MF.480p64pMerTKp.AT.1	MF.480p64pMerTKp.AT	Macrophage	Epididymal fat	CD45+CD11b+MerTK+CD64+F4/80+	Randolph	NA	000008550869_F06	F06	Kiwook Kim	42	13381776	9646934	72.09	11837	20473	62.73248602	66.97316897	19.36940825	MF_adult_resident
MF.480p64pMerTKp.AT.2	AT.Epi2	MF.480p64pMerTKp.AT.2	MF.480p64pMerTKp.AT	Macrophage	Epididymal fat	CD45+CD11b+MerTK+CD64+F4/80+	Randolph	NA	000008550869_G06	G06	Kiwook Kim	42	8241985	6110587	74.14	10495	18322	56.65185517	60.35241323	22.30298255	MF_adult_resident
MF.480p64pMerTKp.AT.3	AT.Epi3	MF.480p64pMerTKp.AT.3	MF.480p64pMerTKp.AT	Macrophage	Epididymal fat	CD45+CD11b+MerTK+CD64+F4/80+	Randolph	NA	000008550869_H06	H06	Kiwook Kim	42	10306505	7610534	73.84	10971	18214	61.55011775	65.78657094	20.07088027	MF_adult_resident
MF.480p64pMerTKp.MAT.1	AT.Mes1	MF.480p64pMerTKp.MAT.1	MF.480p64pMerTKp.MAT	Macrophage	Mesenteric Fat	CD45+CD11b+MerTK+CD64+F4/80+	Randolph	NA	000008550869_D07	D07	Kiwook Kim	42	5476553	3943087	72	9874	17185	52.41259912	55.09481125	22.69325634	MF_adult_resident
MF.480p64pMerTKp.MAT.2	AT.Mes2	MF.480p64pMerTKp.MAT.2	MF.480p64pMerTKp.MAT	Macrophage	Mesenteric Fat	CD45+CD11b+MerTK+CD64+F4/80+	Randolph	NA	000008550869_E07	E07	Kiwook Kim	42	11623692	8365964	71.97	11264	18891	61.5641666	65.72446389	19.9934817	MF_adult_resident
MF.480p64pMerTKp.MAT.3	AT.Mes3	MF.480p64pMerTKp.MAT.3	MF.480p64pMerTKp.MAT	Macrophage	Mesenteric Fat	CD45+CD11b+MerTK+CD64+F4/80+	Randolph	NA	000008550869_F07	F07	Kiwook Kim	42	7281531	5452289	74.88	10438	16853	56.96978285	61.36242365	22.51577263	MF_adult_resident
MF.480p64pMerTKp.MAT.4	AT.Mes4	MF.480p64pMerTKp.MAT.4	MF.480p64pMerTKp.MAT	Macrophage	Mesenteric Fat	CD45+CD11b+MerTK+CD64+F4/80+	Randolph	NA	000008550869_G07	G07	Kiwook Kim	42	6276652	4599748	73.28	10605	16758	54.71133617	58.01796139	22.51039379	MF_adult_resident
MF.64pMerTKp11blo.Sp.1	Sp.RP.Mac3	MF.64pMerTKp11blo.Sp.1	MF.64pMerTKp11blo.Sp	Macrophage	Spleen	CD45+CD11bloCD64+CD11c+SiglecF+	Randolph	NA	000008550869_G08	G08	Kiwook Kim	42	11927246	9008523	75.53	11548	17919	62.74672205	67.68234279	20.48466258	MF_adult_resident
MF.64pMerTKp11blo.Sp.2	Sp.RP.Mac4	MF.64pMerTKp11blo.Sp.2	MF.64pMerTKp11blo.Sp	Macrophage	Spleen	CD45+CD11bloCD64+CD11c+SiglecF+	Randolph	NA	000008550869_H08	H08	Kiwook Kim	42	9916258	7585152	76.49	11233	17239	61.64032553	66.7383413	21.08012787	MF_adult_resident
MF.alv.11cp64pSiglecFp.Lu.1	Lu.AM1	MF.alv.11cp64pSiglecFp.Lu.1	MF.alv.11cp64pSiglecFp.Lu	Macrophage	Lung	CD45+CD11bloCD64+CD11c+SiglecF+	Randolph	NA	000008550869_D08	D08	Kiwook Kim	42	5918557	4284094	72.38	9553	14180	57.9049217	62.70059865	22.83555736	MF_PC_Alv
MF.alv.11cp64pSiglecFp.Lu.2	Lu.AM2	MF.alv.11cp64pSiglecFp.Lu.2	MF.alv.11cp64pSiglecFp.Lu	Macrophage	Lung	CD45+CD11bloCD64+CD11c+SiglecF+	Randolph	NA	000008550869_E08	E08	Kiwook Kim	42	10420957	7694106	73.83	10316	15190	62.3114048	67.76227869	21.23031832	MF_PC_Alv
MF.alv.11cp64pSiglecFp.Lu.3	Lu.AM3	MF.alv.11cp64pSiglecFp.Lu.3	MF.alv.11cp64pSiglecFp.Lu	Macrophage	Lung	CD45+CD11bloCD64+CD11c+SiglecF+	Randolph	NA	000008550869_F08	F08	Kiwook Kim	42	7610050	5675688	74.58	10063	14525	59.23683602	64.64756834	22.49407853	MF_PC_Alv
MF.DRG.1	DRG11	MF.DRG.1	MF.DRG	Macrophage	Dorsal root ganglia	CD45+CX3CR1gfp+CD64+	Randolph	NA	000008550869_B11	B11	Peter Wang	42	8340650	6093617	73.06	10247	15579	51.08943022	51.69310714	24.26733148	MF_adult_resident
MF.DRG.4	DRG41	MF.DRG.4	MF.DRG	Macrophage	Dorsal root ganglia	CD45+CX3CR1gfp+CD64+	Randolph	NA	000008550869_E11	E11	Peter Wang	42	11624175	8841951	76.07	11595	16996	62.20528458	66.91583657	20.09907888	MF_adult_resident
MF.microglia.CNS.1	MF.45lo.microglia.CNS1	MF.microglia.CNS.1	MF.microglia.CNS	Microglia	Brain	CD19-CD3-Ly6G-CD45loCD11b+CD64+F4/80loCD206-	Randolph	NA	SSF-2004_D10	D10	Kiwook Kim	22	3381184	2464623	72.89	9346	15556	50.48737394	53.01706331	20.43087852	MG
MF.microglia.CNS.2	MF.45lo.microglia.CNS2	MF.microglia.CNS.2	MF.microglia.CNS	Microglia	Brain	CD19-CD3-Ly6G-CD45loCD11b+CD64+F4/80loCD206-	Randolph	NA	SSF-2004_E10	E10	Kiwook Kim	22	4862096	3720055	76.51	10176	16662	56.06003482	59.26241954	19.48041719	MG
MF.microglia.CNS.3	MF.45lo.microglia.CNS3	MF.microglia.CNS.3	MF.microglia.CNS	Microglia	Brain	CD45loF4/80loCD206loCD11b+CD64+	Randolph	NA	000008550869_B09	B09	Kiwook Kim	42	11500733	9145602	79.52	11211	17296	62.6339962	67.83203795	20.72685781	MG
MF.microglia.CNS.4	MF.45lo.microglia.CNS4	MF.microglia.CNS.4	MF.microglia.CNS	Microglia	Brain	CD45loF4/80loCD206loCD11b+CD64+	Randolph	NA	000008550869_C09	C09	Kiwook Kim	42	9231493	7366103	79.79	10717	15807	60.19213885	65.508513	21.90469255	MG
MF.microglia.CNS.5	MF.45lo.microglia.CNS5	MF.microglia.CNS.5	MF.microglia.CNS	Microglia	Brain	CD45loF4/80loCD206loCD11b+CD64+	Randolph	NA	000008550869_D09	D09	Kiwook Kim	42	6486616	5142179	79.27	10181	15006	58.75101429	63.82877495	22.18476595	MG
MF.SN.1	SN11	MF.SN.1	MF.SN	Macrophage	Sciatic nerve	CD45+CX3CR1gfp+CD64+	Randolph	NA	000008550869_F10	F10	Peter Wang	42	15869336	11494380	72.43	12589	20255	65.27237232	68.76549365	17.13261919	MF_adult_resident
MF.SN.3	SN31	MF.SN.3	MF.SN	Macrophage	Sciatic nerve	CD45+CX3CR1gfp+CD64+	Randolph	NA	000008550869_H10	H10	Peter Wang	42	11305024	8467291	74.9	11664	19313	63.2166847	67.14725903	18.46230958	MF_adult_resident
MG.SC.1	SC1	MG.SC.1	MG.SC	Microglia	Spinal Cord	45lo,Cx3cr1+,64+	Randolph	NA	000008555669_G03	G03	Peter Wang	43	17166702	12087258	70.41	12849	25284	59.28077705	62.41651623	18.08185826	MG
MG.SC.2	SC2	MG.SC.2	MG.SC	Microglia	Spinal Cord	45lo,Cx3cr1+,64+	Randolph	NA	000008555669_H03	H03	Peter Wang	43	11356915	8576402	75.52	11800	19313	57.47114002	60.27620004	18.77733624	MG
MG.SC.3	SC3	MG.SC.3	MG.SC	Microglia	Spinal Cord	45lo,Cx3cr1+,64+	Randolph	NA	000008555669_A04	A04	Peter Wang	43	10859088	7946761	73.18	11612	21042	56.55113468	59.69434987	18.8642588	MG
Mo.6Cn.Bl.1	Mo.6C-.Bl1	Mo.6Cn.Bl.1	Mo.6Cn.Bl	Monocyte	Blood	B220-CD3-Ly6G-CD45+CD115+CD11b+Ly6C-	Randolph	NA	SSF-2004_D09	D9	Kiwook Kim	22	3809988	2443601	64.14	8774	19403	45.83889567	46.8244258	21.003984	Mo
Mo.6Cn.Bl.2	Mo.6C-.Bl2	Mo.6Cn.Bl.2	Mo.6Cn.Bl	Monocyte	Blood	B220-CD3-Ly6G-CD45+CD115+CD11b+Ly6C-	Randolph	NA	SSF-2004_E09	E9	Kiwook Kim	22	6731464	4525246	67.23	9970	22068	54.69215273	58.48898056	20.5901027	Mo
Mo.6Cp.Bl.1	Mo.6C+.Bl1	Mo.6Cp.Bl.1	Mo.6Cp.Bl	Monocyte	Blood	B220-CD3-Ly6G-CD45+CD115+CD11b+Ly6C+	Randolph	NA	SSF-2004_B09	B9	Kiwook Kim	22	7166920	4935468	68.86	10139	20561	56.99908148	61.29582714	20.56856333	Mo
Mo.6Cp.Bl.2	Mo.6C+.Bl2	Mo.6Cp.Bl.2	Mo.6Cp.Bl	Monocyte	Blood	B220-CD3-Ly6G-CD45+CD115+CD11b+Ly6C+	Randolph	NA	SSF-2004_C09	C9	Kiwook Kim	22	6459646	4454187	68.95	9927	19687	56.71111216	60.90918836	20.46317963	Mo
