SampleName,ImmGen.Nomenclature,Population,Cell.Family,Organ,Sorting.Markers,Lab,Note,sample.id,Well,Owner,Batch,Total.read.pairs,Uniquely.mapped.pairs,Uniquely.mapped.pct,Num.genes.over.ten,Num.genes.over.zero,TIN.mean,TIN.median,TIN.stdev
MF.64+LYVE+II-.Ao#1,MF.64pLYVEpIIn.Ao.1,MF.64pLYVEpIIn.Ao,Macrophage,Aorta,"CD45	CD11b	CD64	MerTK	LYVE-1	MHCII	Dump channel",Angeli,none,000008544769_D01,D01,Veronique Angeli,36,10446815,6805895,65.15,10362,17980,54.39784885,56.29868966,20.75891182
MF.64+LYVE+II-.Ao#2,MF.64pLYVEpIIn.Ao.2,MF.64pLYVEpIIn.Ao,Macrophage,Aorta,"CD45	CD11b	CD64	MerTK	LYVE-1	MHCII	Dump channel",Angeli,none,000008544769_E01,E01,Veronique Angeli,36,14164158,9311478,65.74,11033,20387,56.33910546,59.045267,20.38385333
MF.64+LYVE+II-.Ao#3,MF.64pLYVEpIIn.Ao.3,MF.64pLYVEpIIn.Ao,Macrophage,Aorta,"CD45	CD11b	CD64	MerTK	LYVE-1	MHCII	Dump channel",Angeli,none,000008544769_F01,F01,Veronique Angeli,36,16476711,11141380,67.62,11468,22811,59.65844897,62.99399939,19.31578813
MF.64+LYVE+II+.Ao#1,MF.64pLYVEpIIp.Ao.1,MF.64pLYVEpIIp.Ao,Macrophage,Aorta,"CD45	CD11b	CD64	MerTK	LYVE-1	MHCII	Dump channel",Angeli,none,000008544769_A01,A01,Veronique Angeli,36,9138066,6240250,68.29,10207,19954,53.84368476,57.00379205,20.54549562
MF.64+LYVE+II+.Ao#2,MF.64pLYVEpIIp.Ao.2,MF.64pLYVEpIIp.Ao,Macrophage,Aorta,"CD45	CD11b	CD64	MerTK	LYVE-1	MHCII	Dump channel",Angeli,none,000008544769_B01,B01,Veronique Angeli,36,15817683,10723247,67.79,11281,20527,59.21587064,63.04587143,19.40594378
MF.64+LYVE+II+.Ao#3,MF.64pLYVEpIIp.Ao.3,MF.64pLYVEpIIp.Ao,Macrophage,Aorta,"CD45	CD11b	CD64	MerTK	LYVE-1	MHCII	Dump channel",Angeli,none,000008544769_C01,C01,Veronique Angeli,36,17673436,12275195,69.46,11788,20875,61.76344602,65.76866224,18.42727392
MF.64+LYVE-II+.Ao#1,MF.64pLYVEnIIp.Ao.1,MF.64pLYVEnIIp.Ao,Macrophage,Aorta,"CD45	CD11b	CD64	MerTK	LYVE-1	MHCII	Dump channel",Angeli,none,000008544769_G01,G01,Veronique Angeli,36,11410842,7906542,69.29,11067,20031,57.07462729,60.12847848,19.57108149
MF.64+LYVE-II+.Ao#2,MF.64pLYVEnIIp.Ao.2,MF.64pLYVEnIIp.Ao,Macrophage,Aorta,"CD45	CD11b	CD64	MerTK	LYVE-1	MHCII	Dump channel",Angeli,none,000008544769_H01,H01,Veronique Angeli,36,8551711,5569635,65.13,9946,18933,48.87251317,49.38904972,21.80443401
MF.64+LYVE-II+.Ao#3,MF.64pLYVEnIIp.Ao.3,MF.64pLYVEnIIp.Ao,Macrophage,Aorta,"CD45	CD11b	CD64	MerTK	LYVE-1	MHCII	Dump channel",Angeli,none,000008544769_A02,A02,Veronique Angeli,36,14384263,9933780,69.06,11601,20939,59.72519672,63.43437151,18.73221903
MF.PC#7,MF.PC.44,MF.PC,Macrophage,Peritoneal Cavity,"F4/80	 ICAM2",Angeli,none,000008544769_B02,B02,Veronique Angeli,36,14580083,9323097,63.94,10576,18104,55.83234379,58.81563594,20.31559496
MF.PC#8,MF.PC.45,MF.PC,Macrophage,Peritoneal Cavity,"F4/80	 ICAM2",Angeli,none,000008544769_C02,C02,Veronique Angeli,36,15247940,10059462,65.97,10729,17859,58.23038971,62.21923395,19.54166709
MF.PC#9,MF.PC.46,MF.PC,Macrophage,Peritoneal Cavity,"F4/80	 ICAM2",Angeli,none,000008544769_D02,D02,Veronique Angeli,36,11449500,7232148,63.17,10039,16711,53.80389322,56.57836023,20.62045336
MF.6Clo.BM#4,MF.6Clo.BM.4,MF.6Clo.BM,Macrophage,Bone Marrow,CD3-CD19-Ter119-Ly6CloCD11blockit-F4/80+,Blander,none,000008550869_F11,F11,Baosen Jia,42,7755349,5551603,71.58,10636,16039,60.93904832,65.88542086,21.76507203
MF.6Clo.BM#5,MF.6Clo.BM.5,MF.6Clo.BM,Macrophage,Bone Marrow,CD3-CD19-Ter119-Ly6CloCD11blockit-F4/80+,Blander,none,000008550869_G11,G11,Baosen Jia,42,9656084,6805664,70.48,10943,16000,62.561644,68.01077506,21.50482473
MF.6Clo.BM#6,MF.6Clo.BM.6,MF.6Clo.BM,Macrophage,Bone Marrow,CD3-CD19-Ter119-Ly6CloCD11blockit-F4/80+,Blander,none,000008550869_H11,H11,Baosen Jia,42,5886952,4116289,69.92,9838,14998,57.97875139,62.72984214,23.14386553
F.PC#1,MF.F.PC.1,MF.F.PC,Macrophage,Peritoneal Cavity,F4/80+ ICAM2+ CD3- CD19- Ter119-,CBDM,none,000008555669_E04,E04,Kumba Seddu,43,12344221,7894050,63.95,10044,15706,54.2767602,57.17939287,20.29729074
F.PC#2,MF.F.PC.2,MF.F.PC,Macrophage,Peritoneal Cavity,F4/80+ ICAM2+ CD3- CD19- Ter119-,CBDM,none,000008555669_F04,F04,Kumba Seddu,43,20109770,13236438,65.82,11581,19116,60.65487711,64.53448366,18.80552339
F.PC#3,MF.F.PC.3,MF.F.PC,Macrophage,Peritoneal Cavity,F4/80+ ICAM2+ CD3- CD19- Ter119-,CBDM,none,000008555669_G04,G04,Kumba Seddu,43,8416877,5296525,62.93,9711,15786,51.4328721,53.58835918,20.67881649
MF.PC#b3,MF.PC.47,MF.PC,Macrophage,Peritoneal Cavity,F4/80+ ICAM2+ CD3- CD19- Ter119-,CBDM,none,SSF1856_A11,A11,CBDM,21,11131170,7388116,66.37,11139,16715,58.73549755,63.41531921,20.96305446
MF.PC#b4,MF.PC.48,MF.PC,Macrophage,Peritoneal Cavity,F4/80+ ICAM2+ CD3- CD19- Ter119-,CBDM,none,SSF1857_H10,H10,CBDM,21,5295651,3503292,66.15,9884,16822,52.03176857,54.02595001,20.48360848
MF.Pc.Listeria.ip.Day0#1,MF.PC.49,MF.PC,Macrophage,Peritoneal Cavity,F4/80+ ICAM2+ CD3- CD19- Ter119-,CBDM,none,000008508569_B01,B01,Yiqing Qi,24,10409028,6778238,65,11053,NA,61.42489249,65.95344021,18.75472796
MF.Pc.Listeria.ip.Day0#2,MF.PC.50,MF.PC,Macrophage,Peritoneal Cavity,F4/80+ ICAM2+ CD3- CD19- Ter119-,CBDM,none,000008508569_E02,E02,Yiqing Qi,24,10675517,6838730,64,11233,NA,60.90250029,65.16867972,18.87127062
M.PC#1,MF.PC.51,MF.PC,Macrophage,Peritoneal Cavity,F4/80+ ICAM2+ CD3- CD19- Ter119-,CBDM,none,000008555669_B04,B04,Kumba Seddu,43,13033396,8413573,64.55,10511,17242,53.98487991,56.52176446,20.43889819
M.PC#2,MF.PC.52,MF.PC,Macrophage,Peritoneal Cavity,F4/80+ ICAM2+ CD3- CD19- Ter119-,CBDM,none,000008555669_C04,C04,Kumba Seddu,43,16999877,11166856,65.69,11037,17918,59.1414056,62.90704969,19.38142631
EMP.E10.5YS#1,EMP.E10.5.YS.1,EMP.E10.5.YS,Macrophage,yolk sac,c-kit+ CD41+ CD16/32+,Choi,none,000008530769_E12,E12,Kyunghee Choi,29,10613036,5648404,53.22,10350,17538,55.17673507,58.71386627,21.94263739
EMP.E10.5YS#2,EMP.E10.5.YS.2,EMP.E10.5.YS,Macrophage,yolk sac,c-kit+ CD41+ CD16/32+,Choi,none,000008530769_F12,F12,Kyunghee Choi,29,10366917,5567652,53.71,10235,17446,54.86311709,58.64358757,22.25063406
MF.D6EB#1,MF.d6.EB.1,MF.d6.EB,Macrophage,Cell (Embryonic Body),CD11b+ F4/80+,Choi,none,000008530769_E11,E11,Kyunghee Choi,29,12898688,7300959,56.6,10188,16621,55.04325569,57.99483962,21.0187739
MF.D6EB#2,MF.d6.EB.2,MF.d6.EB,Macrophage,Cell (Embryonic Body),CD11b+ F4/80+,Choi,none,000008530769_F11,F11,Kyunghee Choi,29,15268106,8833424,57.86,10455,17190,56.67501204,59.98930264,20.3910069
MF.D8EB#1,MF.d8.EB.1,MF.d8.EB,Macrophage,Cell (Embryonic Body),CD11b+ F4/80+,Choi,none,000008530769_G11,G11,Kyunghee Choi,29,13022193,7532815,57.85,10099,16112,54.03893208,57.04754887,21.0800687
MF.D8EB#2,MF.d8.EB.2,MF.d8.EB,Macrophage,Cell (Embryonic Body),CD11b+ F4/80+,Choi,none,000008530769_H11,H11,Kyunghee Choi,29,11523680,6512261,56.51,9570,16228,48.95875033,50.08730761,22.54322683
MF.PC#5,MF.PC.21,MF.PC,Macrophage,Peritoneal,F4/80+ICAM2+,Choi,none,000008530769_G12,G12,Kyunghee Choi,29,13785409,8655098,62.78,11108,19609,57.2600528,60.68407148,20.82547699
DC.CD24+.CD8a+XCR1-.Sp#1,DC.24p8apXCR1n.Sp.1,DC.24p8apXCR1n.Sp,Dendritic Cell,Spleen,LiveDead-CD19-CD3e-NK1.1-GR1-CD11chiCD24+SIRPa-CD8a+XCR1-,Dalod,none,000008530769_H09,H09,Karine Crozat,29,10559736,6866594,65.03,11610,23843,59.78564042,63.49696933,19.29613338
DC.CD24+.CD8a+XCR1-.Sp#2,DC.24p8apXCR1n.Sp.2,DC.24p8apXCR1n.Sp,Dendritic Cell,Spleen,LiveDead-CD19-CD3e-NK1.1-GR1-CD11chiCD24+SIRPa-CD8a+XCR1-,Dalod,none,000008530769_D10,D10,Karine Crozat,29,6346408,3818491,60.17,10227,18102,54.95148826,57.91070468,20.08050477
DC.CD24+.CD8a+XCR1+.Sp#1,DC.24p8apXCR1p.Sp.1,DC.24p8apXCR1p.Sp,Dendritic Cell,Spleen,LiveDead-CD19-CD3e-NK1.1-GR1-CD11chiCD24+SIRPa-CD8a+XCR1+,Dalod,none,000008530769_G09,G09,Karine Crozat,29,12990048,8376690,64.49,11884,23749,59.70761364,63.36602691,19.28503193
DC.CD24+.CD8a+XCR1+.Sp#2,DC.24p8apXCR1p.Sp.2,DC.24p8apXCR1p.Sp,Dendritic Cell,Spleen,LiveDead-CD19-CD3e-NK1.1-GR1-CD11chiCD24+SIRPa-CD8a+XCR1+,Dalod,none,000008530769_C10,C10,Karine Crozat,29,9071901,5792939,63.86,10329,17587,54.86286466,58.02198074,20.39516089
DC.CD24+.CD8a-XCR1-.Sp#1,DC.24p8anXCR1n.Sp.1,DC.24p8anXCR1n.Sp,Dendritic Cell,Spleen,LiveDead-CD19-CD3e-NK1.1-GR1-CD11chiCD24+SIRPa-CD8a-XCR1-,Dalod,none,000008530769_E09,E09,Karine Crozat,29,9630466,6184862,64.22,11471,19906,57.58020924,62.17628726,20.01942331
DC.CD24+.CD8a-XCR1-.Sp#2,DC.24p8anXCR1n.Sp.2,DC.24p8anXCR1n.Sp,Dendritic Cell,Spleen,LiveDead-CD19-CD3e-NK1.1-GR1-CD11chiCD24+SIRPa-CD8a-XCR1-,Dalod,none,000008530769_A10,A10,Karine Crozat,29,7603186,5009415,65.89,10415,17683,57.67441142,61.58076227,20.23923187
DC.CD24+.CD8a-XCR1+.Sp#1,DC.24p8anXCR1p.Sp.1,DC.24p8anXCR1p.Sp,Dendritic Cell,Spleen,LiveDead-CD19-CD3e-NK1.1-GR1-CD11chiCD24+SIRPa-CD8a-XCR1+,Dalod,none,000008530769_F09,F09,Karine Crozat,29,10140621,6326133,62.38,11204,21430,56.88900867,60.57490684,20.20754503
DC.CD24+.CD8a-XCR1+.Sp#2,DC.24p8anXCR1p.Sp.2,DC.24p8anXCR1p.Sp,Dendritic Cell,Spleen,LiveDead-CD19-CD3e-NK1.1-GR1-CD11chiCD24+SIRPa-CD8a-XCR1+,Dalod,none,000008530769_B10,B10,Karine Crozat,29,10571513,6978818,66.02,10838,19646,58.79342846,62.3326144,19.56382012
DC.CD11b+RFPneg.Sp#2,DC.SigHn.64n11chipBst2n11bp8anRFPn.Sp.2,DC.SigHn.64n11chipBst2n11bp8anRFPn.Sp,Dendritic Cell,Spleen,Aquadead- lin- Dump- CD64- CD11c high Bst2- CD11b+ CD8a- RFP-,Dalod,none,000008530769_A11,A11,Elena Tomasello,29,13012661,6770131,52.03,11364,19807,58.02722327,61.45804922,19.96839285
DC.CD11b+RFPneg.Sp#3,DC.SigHn.64n11chipBst2n11bp8anRFPn.Sp.3,DC.SigHn.64n11chipBst2n11bp8anRFPn.Sp,Dendritic Cell,Spleen,Aquadead- lin- Dump- CD64- CD11c high Bst2- CD11b+ CD8a- RFP-,Dalod,none,000008530769_D11,D11,Elena Tomasello,29,6680718,4035832,60.41,10081,18888,50.97171871,53.79079274,20.66501687
DC.CD11b+RFPpos.Sp#2,DC.SigHn.64n11chipBst2n11bp8anRFPp.Sp.2,DC.SigHn.64n11chipBst2n11bp8anRFPp.Sp,Dendritic Cell,Spleen,Aquadead- lin- Dump- CD64- CD11c high Bst2- CD11b+ CD8a- RFP+,Dalod,none,000008530769_H10,H10,Elena Tomasello,29,9062815,6030417,66.54,11298,23536,55.9343568,59.30351691,20.07059879
DC.CD11b+RFPpos.Sp#3,DC.SigHn.64n11chipBst2n11bp8anRFPp.Sp.3,DC.SigHn.64n11chipBst2n11bp8anRFPp.Sp,Dendritic Cell,Spleen,Aquadead- lin- Dump- CD64- CD11c high Bst2- CD11b+ CD8a- RFP+,Dalod,none,000008530769_C11,C11,Elena Tomasello,29,10869070,6114332,56.25,10879,21249,52.74147265,55.7691516,20.40064034
MF.ICAM2+F4/80+.PC#3,MF.PC.09,MF.PC,Macrophage,Peritoneal Cavity,LiveDead-F4/80+ICAM-2+,Dalod,none,000008530769_E10,E10,Karine Crozat,29,11656368,7325421,62.84,10813,19037,57.60302684,61.03786399,19.67946417
MF.ICAM2+F4/80+.PC#4,MF.PC.10,MF.PC,Macrophage,Peritoneal Cavity,LiveDead-F4/80+ICAM-2+,Dalod,none,000008530769_F10,F10,Karine Crozat,29,12745689,8147569,63.92,10966,19965,58.03375327,61.76965459,19.67841773
DC.Lin-CD11c+MHCII+XCR1+SIRPa-.Th.#1,DC.XCR1pSIRPan.Th.1,DC.XCR1pSIRPan.Th,Dendritic Cell,Thymus,Lin-CD11c+MHCII+XCR1+SIRPa-,Dzhagalov,none,000008530569_H08,H08,Ivan Dzhagalov,28,13878602,9441914,68.03,11402,17896,65.09631187,70.11832174,18.93765083
DC.Lin-CD11c+MHCII+XCR1+SIRPa-.Th.#2,DC.XCR1pSIRPan.Th.2,DC.XCR1pSIRPan.Th,Dendritic Cell,Thymus,Lin-CD11c+MHCII+XCR1+SIRPa-,Dzhagalov,none,000008530569_A09,A09,Ivan Dzhagalov,28,14491616,9620574,66.39,11824,23017,63.61522443,67.70301628,18.27275243
DC.Lin-CD11c+MHCII+XCR1+SIRPa-.Th.#3,DC.XCR1pSIRPan.Th.3,DC.XCR1pSIRPan.Th,Dendritic Cell,Thymus,Lin-CD11c+MHCII+XCR1+SIRPa-,Dzhagalov,none,000008530569_B09,B09,Ivan Dzhagalov,28,15865347,10857613,68.44,11895,21400,65.71040527,70.63421237,18.23620108
DC.Lin-CD11c+MHCII+XCR1+SIRPa-.Th.#4,DC.XCR1pSIRPan.Th.4,DC.XCR1pSIRPan.Th,Dendritic Cell,Thymus,Lin-CD11c+MHCII+XCR1+SIRPa-,Dzhagalov,none,000008530569_C09,C09,Ivan Dzhagalov,28,12912344,8771062,67.93,11451,19558,64.26778799,68.86768591,18.48657519
DC.Lin-CD11c+MHCII+XCR1-SIRPa+.Th.#1,DC.XCR1nSIRPap.Th.1,DC.XCR1nSIRPap.Th,Dendritic Cell,Thymus,Lin-CD11c+MHCII+XCR1-SIRPa+,Dzhagalov,none,000008530569_D09,D09,Ivan Dzhagalov,28,10283934,7017587,68.24,11512,19935,63.61220046,68.00593816,18.23958021
DC.Lin-CD11c+MHCII+XCR1-SIRPa+.Th.#2,DC.XCR1nSIRPap.Th.2,DC.XCR1nSIRPap.Th,Dendritic Cell,Thymus,Lin-CD11c+MHCII+XCR1-SIRPa+,Dzhagalov,none,000008530569_E09,E09,Ivan Dzhagalov,28,15752615,10698079,67.91,12264,19386,66.96278396,71.80158063,17.72300272
DC.Lin-CD11c+MHCII+XCR1-SIRPa+.Th.#3,DC.XCR1nSIRPap.Th.3,DC.XCR1nSIRPap.Th,Dendritic Cell,Thymus,Lin-CD11c+MHCII+XCR1-SIRPa+,Dzhagalov,none,000008530569_F09,F09,Ivan Dzhagalov,28,14773491,9998143,67.68,12362,20472,66.06132251,70.71912471,17.84420868
DC.Lin-CD11c+MHCII+XCR1-SIRPa+.Th.#4,DC.XCR1nSIRPap.Th.4,DC.XCR1nSIRPap.Th,Dendritic Cell,Thymus,Lin-CD11c+MHCII+XCR1-SIRPa+,Dzhagalov,none,000008530569_G09,G09,Ivan Dzhagalov,28,16617191,10580665,63.67,12739,22289,63.21867234,66.41664241,17.09208445
MF.Lin-CD45+F4/80+CD64+.Th.#1,MF.64p.Th.1,MF.64p.Th,Macrophage,Thymus,Lin-F4/80+CD64+,Dzhagalov,none,000008530569_D08,D08,Ivan Dzhagalov,28,10110183,6846703,67.72,10996,18467,61.96670666,66.54896765,18.88395801
MF.Lin-CD45+F4/80+CD64+.Th.#2,MF.64p.Th.2,MF.64p.Th,Macrophage,Thymus,Lin-F4/80+CD64+,Dzhagalov,none,000008530569_E08,E08,Ivan Dzhagalov,28,15138975,10362118,68.45,11705,18936,65.18270118,69.88434434,18.14410468
MF.Lin-CD45+F4/80+CD64+.Th.#3,MF.64p.Th.3,MF.64p.Th,Macrophage,Thymus,Lin-F4/80+CD64+,Dzhagalov,none,000008530569_F08,F08,Ivan Dzhagalov,28,15019927,10648031,70.89,11915,19237,64.96434618,69.79080654,17.90715655
MF.Lin-CD45+F4/80+CD64+.Th.#4,MF.64p.Th.4,MF.64p.Th,Macrophage,Thymus,Lin-F4/80+CD64+,Dzhagalov,none,000008530569_G08,G08,Ivan Dzhagalov,28,13876402,10041638,72.36,11707,18381,64.16504008,68.35371183,18.10696591
MF.F4/80+ICAM2+.PC.#1,MF.PC.03,MF.PC,Macrophage,Peritoneal Cavity,F4/80+ ICAM2+,Dzhagalov,none,000008530569_H07,H07,Ivan Dzhagalov,28,14216054,9665954,67.99,11837,19234,64.19921171,68.39339878,18.07875792
MF.F4/80+ICAM2+.PC.#2,MF.PC.04,MF.PC,Macrophage,Peritoneal Cavity,F4/80+ ICAM2+,Dzhagalov,none,000008530569_A08,A08,Ivan Dzhagalov,28,19322855,12703115,65.74,12589,21117,64.43589519,69.22828786,18.70846527
MF.F4/80+ICAM2+.PC.#3,MF.PC.05,MF.PC,Macrophage,Peritoneal Cavity,F4/80+ ICAM2+,Dzhagalov,none,000008530569_B08,B08,Ivan Dzhagalov,28,18146849,12262924,67.58,12212,18243,65.19566866,70.09370962,18.33450902
MF.F4/80+ICAM2+.PC.#4,MF.PC.06,MF.PC,Macrophage,Peritoneal Cavity,F4/80+ ICAM2+,Dzhagalov,none,000008530569_C08,C08,Ivan Dzhagalov,28,14648977,9927431,67.77,11730,18744,64.59202604,69.36332602,18.42957897
MF.T0.M.PC#1,MF.115pICAM2p226n6Cn.PC.1,MF.115pICAM2p226n6Cn.PC,Macrophage,Peritoneal Cavity,CD45+ CD11b+ CD115+ ICAM2+ CD226-Ly-6C-,Gautier,none,000008527969_F08,F08,Emmanuel Gautier,27,12869080,8837646,68.67,11118,16575,62.4604907,67.0032226,18.31959719
MF.T0.M.PC#2,MF.115pICAM2p226n6Cn.PC.2,MF.115pICAM2p226n6Cn.PC,Macrophage,Peritoneal Cavity,CD45+ CD11b+ CD115+ ICAM2+ CD226-Ly-6C-,Gautier,none,000008527969_G08,G08,Emmanuel Gautier,27,13636404,9718542,71.27,11397,17130,62.8382288,67.36766195,18.38207253
MF.T0.M.PC#3,MF.115pICAM2p226n6Cn.PC.3,MF.115pICAM2p226n6Cn.PC,Macrophage,Peritoneal Cavity,CD45+ CD11b+ CD115+ ICAM2+ CD226-Ly-6C-,Gautier,none,000008527969_H08,H08,Emmanuel Gautier,27,9300764,6525395,70.16,10477,15969,57.32522756,61.3296316,19.91541043
MF.T72.M.PC#1,MF.115p36p6ClopICAM2n226n.Thio.72h.PC.1,MF.115p36p6ClopICAM2n226n.Thio.72h.PC,Macrophage,Peritoneal Cavity,CD45+ CD11b+ CD115+ CD36+ Ly-6Clo ICAM2- CD226-,Gautier,none,000008527969_E10,E10,Emmanuel Gautier,27,13596361,9651441,70.99,10921,16282,62.34238984,66.58566826,18.3904044
MF.T72.M.PC#2,MF.115p36p6ClopICAM2n226n.Thio.72h.PC.2,MF.115p36p6ClopICAM2n226n.Thio.72h.PC,Macrophage,Peritoneal Cavity,CD45+ CD11b+ CD115+ CD36+ Ly-6Clo ICAM2- CD226-,Gautier,none,000008527969_F10,F10,Emmanuel Gautier,27,11849381,8288486,69.95,10704,16275,60.19261371,64.22192556,18.72045387
MF.T72.M.PC#3,MF.115p36p6ClopICAM2n226n.Thio.72h.PC.3,MF.115p36p6ClopICAM2n226n.Thio.72h.PC,Macrophage,Peritoneal Cavity,CD45+ CD11b+ CD115+ CD36+ Ly-6Clo ICAM2- CD226-,Gautier,none,000008527969_G10,G10,Emmanuel Gautier,27,11603952,7950165,68.51,10610,15900,59.71047566,63.91376642,19.37621943
MF.T24.M.PC#1,MF.115p36p6ClopICAM2n226n.Thio.24h.PC.1,MF.115p36p6ClopICAM2n226n.Thio.24h.PC,Macrophage,Peritoneal Cavity,CD45+ CD11b+ CD115+ CD36+ Ly-6Clo ICAM2- CD226-,Gautier,none,000008527969_B10,B10,Emmanuel Gautier,27,9866311,6983412,70.78,10672,16972,59.41571367,63.55574702,19.11906683
MF.T24.M.PC#2,MF.115p36p6ClopICAM2n226n.Thio.24h.PC.2,MF.115p36p6ClopICAM2n226n.Thio.24h.PC,Macrophage,Peritoneal Cavity,CD45+ CD11b+ CD115+ CD36+ Ly-6Clo ICAM2- CD226-,Gautier,none,000008527969_C10,C10,Emmanuel Gautier,27,15145105,9153799,60.44,11116,16739,62.08465833,66.55566622,18.49743069
MF.T24.M.PC#3,MF.115p36p6ClopICAM2n226n.Thio.24h.PC.3,MF.115p36p6ClopICAM2n226n.Thio.24h.PC,Macrophage,Peritoneal Cavity,CD45+ CD11b+ CD115+ CD36+ Ly-6Clo ICAM2- CD226-,Gautier,none,000008527969_D10,D10,Emmanuel Gautier,27,6605888,4210537,63.74,9854,15073,56.02768568,59.59365704,19.45659694
Mo.T24.M.PC#1,Mo.115p6Cp36lopICAM2n226n.Thio.24h.PC.1,Mo.115p6Cp36lopICAM2n226n.Thio.24h.PC,Monocyte,Peritoneal Cavity,CD45+ CD11b+ CD115+ Ly-6C+ CD36lo ICAM2- CD226-,Gautier,none,000008527969_G09,G09,Emmanuel Gautier,27,11759750,8302421,70.6,10751,15308,59.32911435,63.37758097,19.54271469
Mo.T24.M.PC#2,Mo.115p6Cp36lopICAM2n226n.Thio.24h.PC.2,Mo.115p6Cp36lopICAM2n226n.Thio.24h.PC,Monocyte,Peritoneal Cavity,CD45+ CD11b+ CD115+ Ly-6C+ CD36lo ICAM2- CD226-,Gautier,none,000008527969_H09,H09,Emmanuel Gautier,27,9035607,6491563,71.84,10306,15540,57.61691416,61.5249895,19.76327588
Mo.T24.M.PC#3,Mo.115p6Cp36lopICAM2n226n.Thio.24h.PC.3,Mo.115p6Cp36lopICAM2n226n.Thio.24h.PC,Monocyte,Peritoneal Cavity,CD45+ CD11b+ CD115+ Ly-6C+ CD36lo ICAM2- CD226-,Gautier,none,000008527969_A10,A10,Emmanuel Gautier,27,9261088,6448996,69.64,10389,15965,56.4057744,60.2514315,20.58152265
Mo.T4.M.PC#1,Mo.115pICAM2n226n6Cn.Thio.4h.PC.1,Mo.115pICAM2n226n6Cn.Thio.4h.PC,Monocyte,Peritoneal Cavity,CD45+ CD11b+ CD115+ Ly-6C+ ICAM2- CD226-,Gautier,none,000008527969_A09,A09,Emmanuel Gautier,27,12238712,8784816,71.78,10643,16315,54.62870726,58.45856173,20.89600266
Mo.T4.M.PC#2,Mo.115pICAM2n226n6Cn.Thio.4h.PC.2,Mo.115pICAM2n226n6Cn.Thio.4h.PC,Monocyte,Peritoneal Cavity,CD45+ CD11b+ CD115+ Ly-6C+ ICAM2- CD226-,Gautier,none,000008527969_B09,B09,Emmanuel Gautier,27,13416013,9388851,69.98,10781,16717,59.07120235,63.71816337,20.09809077
Mo.T4.M.PC#3,Mo.115pICAM2n226n6Cn.Thio.4h.PC.3,Mo.115pICAM2n226n6Cn.Thio.4h.PC,Monocyte,Peritoneal Cavity,CD45+ CD11b+ CD115+ Ly-6C+ ICAM2- CD226-,Gautier,none,000008527969_C09,C09,Emmanuel Gautier,27,12636474,7999899,63.31,10251,15727,60.00836164,64.48827525,19.82152831
Mo.T8.M.PC#1,Mo.115pICAM2n226n6Cn.Thio.8h.PC.1,Mo.115pICAM2n226n6Cn.Thio.8h.PC,Monocyte,Peritoneal Cavity,CD45+ CD11b+ CD115+ Ly-6C+ ICAM2- CD226-,Gautier,none,000008527969_D09,D09,Emmanuel Gautier,27,7303077,3498389,47.9,8837,14413,47.40876521,48.32701331,21.26069697
Mo.T8.M.PC#2,Mo.115pICAM2n226n6Cn.Thio.8h.PC.2,Mo.115pICAM2n226n6Cn.Thio.8h.PC,Monocyte,Peritoneal Cavity,CD45+ CD11b+ CD115+ Ly-6C+ ICAM2- CD226-,Gautier,none,000008527969_E09,E09,Emmanuel Gautier,27,12666343,7384936,58.3,10060,15317,58.91597905,63.68979043,19.94697218
Mo.T8.M.PC#3,Mo.115pICAM2n226n6Cn.Thio.8h.PC.3,Mo.115pICAM2n226n6Cn.Thio.8h.PC,Monocyte,Peritoneal Cavity,CD45+ CD11b+ CD115+ Ly-6C+ ICAM2- CD226-,Gautier,none,000008527969_F09,F09,Emmanuel Gautier,27,12038858,7402256,61.49,10155,15984,58.8435991,62.98908945,19.88919539
Mo.T0.M.Bl#1,Mo.6Cp.Bl.6,Mo.6Cp.Bl,Monocyte,Blood,CD45+ CD11b+ CD115+ Ly-6C+,Gautier,none,000008527969_G06,G06,Emmanuel Gautier,27,13740565,7892716,57.44,10714,17075,60.83803209,65.30002335,19.10795526
Mo.T0.M.Bl#2,Mo.6Cp.Bl.7,Mo.6Cp.Bl,Monocyte,Blood,CD45+ CD11b+ CD115+ Ly-6C+,Gautier,none,000008527969_H06,H06,Emmanuel Gautier,27,9386440,6413175,68.32,10447,16277,57.2739852,61.00101876,19.8954555
Mo.T0.M.Bl#3,Mo.6Cp.Bl.8,Mo.6Cp.Bl,Monocyte,Blood,CD45+ CD11b+ CD115+ Ly-6C+,Gautier,none,000008527969_A07,A07,Emmanuel Gautier,27,13054535,9308511,71.3,11367,16245,60.15933754,64.39517467,19.26841601
Mo.T24.Thio.M.Bl#1,Mo.6Cp.Thio.24h.BI.1,Mo.6Cp.Thio.24h.BI,Monocyte,Blood,CD45+ CD11b+ CD115+ Ly-6C+,Gautier,none,000008527969_H07,H07,Emmanuel Gautier,27,9287072,6574139,70.79,10665,16299,59.20868919,62.94299967,19.3767371
Mo.T24.Thio.M.Bl#2,Mo.6Cp.Thio.24h.BI.2,Mo.6Cp.Thio.24h.BI,Monocyte,Blood,CD45+ CD11b+ CD115+ Ly-6C+,Gautier,none,000008527969_A08,A08,Emmanuel Gautier,27,11512341,7819952,67.93,10994,16422,57.2888632,61.24655972,20.42800796
Mo.T24.Thio.M.Bl#3,Mo.6Cp.Thio.24h.BI.3,Mo.6Cp.Thio.24h.BI,Monocyte,Blood,CD45+ CD11b+ CD115+ Ly-6C+,Gautier,none,000008527969_B08,B08,Emmanuel Gautier,27,13691267,9558712,69.82,11659,17579,58.92555038,63.70832096,20.00534626
Mo.T72.Thio.M.Bl#1,Mo.6Cp.Thio.72h.BI.1,Mo.6Cp.Thio.72h.BI,Monocyte,Blood,CD45+ CD11b+ CD115+ Ly-6C+,Gautier,none,000008527969_C08,C08,Emmanuel Gautier,27,13781720,7864330,57.06,10601,16431,59.87877323,64.42663124,19.26096395
Mo.T72.Thio.M.Bl#2,Mo.6Cp.Thio.72h.BI.2,Mo.6Cp.Thio.72h.BI,Monocyte,Blood,CD45+ CD11b+ CD115+ Ly-6C+,Gautier,none,000008527969_D08,D08,Emmanuel Gautier,27,8969693,6345914,70.75,10441,16041,59.72770938,63.42941422,19.00841549
Mo.T72.Thio.M.Bl#3,Mo.6Cp.Thio.72h.BI.3,Mo.6Cp.Thio.72h.BI,Monocyte,Blood,CD45+ CD11b+ CD115+ Ly-6C+,Gautier,none,000008527969_E08,E08,Emmanuel Gautier,27,11243240,7736323,68.81,10763,16145,60.06728272,64.30842441,18.92438667
Mo.T4.Thio.M.Bl#2,Mo.6CpThio.4h.BI.2,Mo.6CpThio.4h.BI,Monocyte,Blood,CD45+ CD11b+ CD115+ Ly-6C+,Gautier,none,000008527969_C07,C07,Emmanuel Gautier,27,12756481,9098822,71.33,11167,17301,61.38093728,65.63387052,18.76326288
Mo.T4.Thio.M.Bl#3,Mo.6CpThio.4h.BI.3,Mo.6CpThio.4h.BI,Monocyte,Blood,CD45+ CD11b+ CD115+ Ly-6C+,Gautier,none,000008527969_D07,D07,Emmanuel Gautier,27,9854184,5749132,58.34,10132,15947,58.75322673,62.84951895,19.99192755
Mo.T8.Thio.M.Bl#1,Mo.6CpThio.8h.BI.1,Mo.6CpThio.8h.BI,Monocyte,Blood,CD45+ CD11b+ CD115+ Ly-6C+,Gautier,none,000008527969_E07,E07,Emmanuel Gautier,27,16325670,9896655,60.62,11565,17428,63.58490817,67.76911593,17.97654136
Mo.T8.Thio.M.Bl#2,Mo.6CpThio.8h.BI.2,Mo.6CpThio.8h.BI,Monocyte,Blood,CD45+ CD11b+ CD115+ Ly-6C+,Gautier,none,000008527969_F07,F07,Emmanuel Gautier,27,14029743,10262871,73.15,11413,17068,64.48962267,69.06087911,17.82045815
Mo.T8.Thio.M.Bl#3,Mo.6CpThio.8h.BI.3,Mo.6CpThio.8h.BI,Monocyte,Blood,CD45+ CD11b+ CD115+ Ly-6C+,Gautier,none,000008527969_G07,G07,Emmanuel Gautier,27,17377755,11044140,63.55,11789,17077,63.85208236,67.91673049,17.60016622
DNpreDC.7wk.M.BM#1,DC.pDC.DN.BM.1,DC.pDC.DN.BM,Dendritic Cell,Bone Marrow,LIN-CD11b-MHCII-CD11c+CD135+CD172aloSiglecH-Ly6C-,Ginhoux,none,000008550869_D01,D01,Regine Dress,42,10104620,6817201,67.47,11859,18625,64.68248996,69.55701685,19.20421454
DNpreDC.7wk.M.BM#2,DC.pDC.DN.BM.2,DC.pDC.DN.BM,Dendritic Cell,Bone Marrow,LIN-CD11b-MHCII-CD11c+CD135+CD172aloSiglecH-Ly6C-,Ginhoux,none,000008550869_E01,E01,Regine Dress,42,14760584,10089847,68.36,12573,19998,66.73821353,71.64558267,18.17226493
DNpreDC.7wk.M.Sp#1,DC.pDC.DN.Sp.1,DC.pDC.DN.Sp,Dendritic Cell,Spleen,LIN-CD11b-MHCII-CD11c+CD135+CD172aloSiglecH+-Ly6C-,Ginhoux,none,000008550869_E02,E02,Regine Dress,42,12118214,8425030,69.52,11676,19364,62.51767437,67.33545841,20.0516483
DNpreDC.7wk.M.Sp#2,DC.pDC.DN.Sp.2,DC.pDC.DN.Sp,Dendritic Cell,Spleen,LIN-CD11b-MHCII-CD11c+CD135+CD172aloSiglecH-Ly6C-,Ginhoux,none,000008550869_F02,F02,Regine Dress,42,10553966,6627099,62.79,11778,24048,58.42673596,62.19858335,20.73229979
DNpreDC.7wk.M.Sp#3,DC.pDC.DN.Sp.3,DC.pDC.DN.Sp,Dendritic Cell,Spleen,LIN-CD11b-MHCII-CD11c+CD135+CD172aloSiglecH-Ly6C-,Ginhoux,none,000008550869_G02,G02,Regine Dress,42,14077727,9733486,69.14,11498,18410,63.1295601,67.75341855,19.45533587
DPpreDC.7wk.M.BM#2,DC.pDC.DP.BM.2,DC.pDC.DP.BM,Dendritic Cell,Bone Marrow,LIN-CD11b-MHCII-CD11c+CD135+CD172aloSiglecH+Ly6C+,Ginhoux,none,000008550869_B01,B01,Regine Dress,42,15144119,10597078,69.97,11669,19121,64.33171199,68.71861991,19.62082713
DPpreDC.7wk.M.BM#3,DC.pDC.DP.BM.3,DC.pDC.DP.BM,Dendritic Cell,Bone Marrow,LIN-CD11b-MHCII-CD11c+CD135+CD172aloSiglecH+Ly6C+,Ginhoux,none,000008550869_C01,C01,Regine Dress,42,15046055,10780480,71.65,11491,18959,65.7692319,71.07756884,19.06656041
S+L-preDC.7wk.M.BM#2,DC.pDC.SigHp6Cn.BM.2,DC.pDC.SigHp6Cn.BM,Dendritic Cell,Bone Marrow,LIN-CD11b-MHCII-CD11c+CD135+CD172aloSiglecH+Ly6C-,Ginhoux,none,000008550869_H01,H01,Regine Dress,42,10164299,6577538,64.71,10633,16865,56.50568977,59.0502051,23.02292714
S+L-preDC.7wk.M.BM#3,DC.pDC.SigHp6Cn.BM.3,DC.pDC.SigHp6Cn.BM,Dendritic Cell,Bone Marrow,LIN-CD11b-MHCII-CD11c+CD135+CD172aloSiglecH+Ly6C-,Ginhoux,none,000008550869_A02,A02,Regine Dress,42,11997830,8458696,70.5,11665,18004,64.2910231,69.44051349,19.82480358
L+S-preDC.7wk.M.BM#1,DC.pDC.SigHn6Cp.BM.1,DC.pDC.SigHn6Cp.BM,Dendritic Cell,Bone Marrow,LIN-CD11b-MHCII-CD11c+CD135+CD172aloSiglecH-Ly6C+,Ginhoux,none,000008550869_B02,B02,Regine Dress,42,13760723,9657954,70.18,11390,17736,65.42560222,70.06789588,18.95511209
L+S-preDC.7wk.M.BM#2,DC.pDC.SigHn6Cp.BM.2,DC.pDC.SigHn6Cp.BM,Dendritic Cell,Bone Marrow,LIN-CD11b-MHCII-CD11c+CD135+CD172aloSiglecH-Ly6C+,Ginhoux,none,000008550869_C02,C02,Regine Dress,42,11945024,8451655,70.75,10949,16707,64.40380585,70.02159761,19.99592729
L+S-preDC.7wk.M.BM#3,DC.pDC.SigHn6Cp.BM.3,DC.pDC.SigHn6Cp.BM,Dendritic Cell,Bone Marrow,LIN-CD11b-MHCII-CD11c+CD135+CD172aloSiglecH-Ly6C+,Ginhoux,none,000008550869_D02,D02,Regine Dress,42,7993035,5591989,69.96,10190,15526,61.27063189,65.7242972,20.72283994
L+S-preDC.7wk.M.Sp#1,DC.pDC.SigHn6Cp.Sp.1,DC.pDC.SigHn6Cp.Sp,Dendritic Cell,Spleen,LIN-CD11b-MHCII-CD11c+CD135+CD172aloSiglecH-Ly6C+,Ginhoux,none,000008550869_H02,H02,Regine Dress,42,11190030,7900118,70.6,11213,18523,63.4884675,67.97939601,19.32492854
L+S-preDC.7wk.M.Sp#2,DC.pDC.SigHn6Cp.Sp.2,DC.pDC.SigHn6Cp.Sp,Dendritic Cell,Spleen,LIN-CD11b-MHCII-CD11c+CD135+CD172aloSiglecH-Ly6C+,Ginhoux,none,000008550869_A03,A03,Regine Dress,42,13686613,9802375,71.62,11225,17679,64.55526594,69.73269805,19.77152982
L+S-preDC.7wk.M.Sp#3,DC.pDC.SigHn6Cp.Sp.3,DC.pDC.SigHn6Cp.Sp,Dendritic Cell,Spleen,LIN-CD11b-MHCII-CD11c+CD135+CD172aloSiglecH-Ly6C+,Ginhoux,none,000008550869_B03,B03,Regine Dress,42,13083071,9398820,71.84,11059,16940,64.32773615,69.1452675,19.69748657
E14-5.Kd#2,MF.64p6Cn6Gn.E14.5.Kd.1,MF.64p6Cn6Gn.E14.5.Kd,Macrophage,Kidney,CD45+CD11b+F4/80+CD64+Ly6C-Ly6G-,Ginhoux,none,000008544769_D04,D04,Peter See,36,9381043,5970463,63.64,10205,19786,56.47845002,59.63076261,20.11184185
E14-5.Kd#3,MF.64p6Cn6Gn.E14.5.Kd.2,MF.64p6Cn6Gn.E14.5.Kd,Macrophage,Kidney,CD45+CD11b+F4/80+CD64+Ly6C-Ly6G-,Ginhoux,none,000008544769_E04,E04,Peter See,36,13356410,8953667,67.04,10904,19409,60.84914812,64.74472578,18.80714377
E14-5.Kd#4,MF.64p6Cn6Gn.E14.5.Kd.3,MF.64p6Cn6Gn.E14.5.Kd,Macrophage,Kidney,CD45+CD11b+F4/80+CD64+Ly6C-Ly6G-,Ginhoux,none,000008544769_F04,F04,Peter See,36,10695095,7056397,65.98,10643,20328,58.39881862,61.94476144,19.14670805
E14-5.Lg#2,MF.64p6Cn6Gn.E14.5.Lu.1,MF.64p6Cn6Gn.E14.5.Lu,Macrophage,Lung,CD45+CD11b+F4/80+CD64+Ly6C-Ly6G-,Ginhoux,none,000008544769_G05,G05,Peter See,36,16835700,11436576,67.93,11576,18610,62.71347083,67.09209474,18.25921667
E14-5.Lg#3,MF.64p6Cn6Gn.E14.5.Lu.2,MF.64p6Cn6Gn.E14.5.Lu,Macrophage,Lung,CD45+CD11b+F4/80+CD64+Ly6C-Ly6G-,Ginhoux,none,000008544769_H05,H05,Peter See,36,13582001,9281009,68.33,11105,19553,60.61597602,64.62838407,18.95892979
E14-5.Lg#4,MF.64p6Cn6Gn.E14.5.Lu.3,MF.64p6Cn6Gn.E14.5.Lu,Macrophage,Lung,CD45+CD11b+F4/80+CD64+Ly6C-Ly6G-,Ginhoux,none,000008544769_A06,A06,Peter See,36,12376760,8388886,67.78,11054,17891,60.23186214,64.06924795,18.9760516
E16-5.Kd#3,MF.64p6Cn6Gn.E16.5.Kd.1,MF.64p6Cn6Gn.E16.5.Kd,Macrophage,Kidney,CD45+CD11b+F4/80+CD64+Ly6C-Ly6G-,Ginhoux,none,000008544769_B04,B04,Peter See,36,9647086,6273046,65.03,10463,18635,56.43295311,59.90060313,19.84427695
E16-5.Kd#4,MF.64p6Cn6Gn.E16.5.Kd.2,MF.64p6Cn6Gn.E16.5.Kd,Macrophage,Kidney,CD45+CD11b+F4/80+CD64+Ly6C-Ly6G-,Ginhoux,none,000008544769_C04,C04,Peter See,36,16469005,10932362,66.38,11752,19352,63.39886443,67.64885454,17.72124477
E16-5.Lg#3,MF.64p6Cn6Gn.E16.5.Lu.1,MF.64p6Cn6Gn.E16.5.Lu,Macrophage,Lung,CD45+CD11b+F4/80+CD64+Ly6C-Ly6G-,Ginhoux,none,000008544769_E05,E05,Peter See,36,15916675,10616896,66.7,11518,19038,61.22439165,64.79754449,18.67414269
E16-5.Lg#4,MF.64p6Cn6Gn.E16.5.Lu.2,MF.64p6Cn6Gn.E16.5.Lu,Macrophage,Lung,CD45+CD11b+F4/80+CD64+Ly6C-Ly6G-,Ginhoux,none,000008544769_F05,F05,Peter See,36,17579125,11777125,66.99,11724,20172,62.81500029,66.6546263,17.42220017
E18-5.Br#1,MF.64p6Cn6Gn.E18.5.Br.1,MF.64p6Cn6Gn.E18.5.Br,Macrophage,Brain,CD45+CD11b+F4/80+CD64+Ly6C-Ly6G-,Ginhoux,none,000008544769_E02,E02,Peter See,36,13468771,9155510,67.98,11490,20046,61.17285462,64.75936672,18.80343308
E18-5.Br#2,MF.64p6Cn6Gn.E18.5.Br.2,MF.64p6Cn6Gn.E18.5.Br,Macrophage,Brain,CD45+CD11b+F4/80+CD64+Ly6C-Ly6G-,Ginhoux,none,000008544769_F02,F02,Peter See,36,11724993,8163023,69.62,11129,17992,59.75348818,63.39941495,18.96231837
E18-5.Gut#2,MF.64p6Cn6Gn.E18.5.Co.2,MF.64p6Cn6Gn.E18.5.Co,Macrophage,Colon,CD45+CD11b+F4/80+CD64+Ly6C-Ly6G-,Ginhoux,none,000008544769_H02,H02,Peter See,36,8894999,6099753,68.58,10653,19133,56.06377717,59.30497368,19.81527311
E18-5.Gut#3,MF.64p6Cn6Gn.E18.5.Co.3,MF.64p6Cn6Gn.E18.5.Co,Macrophage,Colon,CD45+CD11b+F4/80+CD64+Ly6C-Ly6G-,Ginhoux,none,000008544769_A03,A03,Peter See,36,15260831,10400211,68.15,11685,20129,61.93707749,66.14980606,18.42705677
E18-5.Der#1,MF.64p6Cn6Gn.E18.5.Dr.1,MF.64p6Cn6Gn.E18.5.Dr,Macrophage,Dermis,CD45+CD11b+F4/80+CD64+Ly6C-Ly6G-,Ginhoux,none,000008544769_B03,B03,Peter See,36,10752660,7175039,66.73,10424,17268,57.99272657,61.69863057,19.99207677
E18-5.Der#2,MF.64p6Cn6Gn.E18.5.Dr.2,MF.64p6Cn6Gn.E18.5.Dr,Macrophage,Dermis,CD45+CD11b+F4/80+CD64+Ly6C-Ly6G-,Ginhoux,none,000008544769_C03,C03,Peter See,36,12286889,8073398,65.71,10954,18591,59.2776875,63.20731543,19.12164124
E18-5.Epi#1,MF.64p6Cn6Gn.E18.5.Ep.1,MF.64p6Cn6Gn.E18.5.Ep,Macrophage,Epithelial Cell,CD45+CD11b+F4/80+CD64+Ly6C-Ly6G-,Ginhoux,none,000008544769_D03,D03,Peter See,36,11195791,7133057,63.71,10517,18034,57.85702487,61.24892717,19.73112235
E18-5.Epi#2,MF.64p6Cn6Gn.E18.5.Ep.2,MF.64p6Cn6Gn.E18.5.Ep,Macrophage,Epithelium,CD45+CD11b+F4/80+CD64+Ly6C-Ly6G-,Ginhoux,none,000008544769_E03,E03,Peter See,36,16185187,10509479,64.93,11375,17960,61.11150967,64.58578777,18.69062796
E18-5.F.Hrt#2,MF.64p6Cn6Gn.E18.5.F.Ht.1,MF.64p6Cn6Gn.E18.5.F.Ht,Macrophage,Heart,CD45+CD11b+F4/80+CD64+Ly6C-Ly6G-,Ginhoux,none,000008544769_F03,F03,Peter See,36,13679359,9047504,66.14,11582,21337,60.76030534,64.15736055,18.46414182
E18-5.F.Hrt#3,MF.64p6Cn6Gn.E18.5.F.Ht.2,MF.64p6Cn6Gn.E18.5.F.Ht,Macrophage,Heart,CD45+CD11b+F4/80+CD64+Ly6C-Ly6G-,Ginhoux,none,000008544769_G03,G03,Peter See,36,11625777,7882930,67.81,11580,20965,60.13924351,63.8465502,18.80662331
E18-5.Kd#1,MF.64p6Cn6Gn.E18.5.Kd.1,MF.64p6Cn6Gn.E18.5.Kd,Macrophage,Kidney,CD45+CD11b+F4/80+CD64+Ly6C-Ly6G-,Ginhoux,none,000008544769_G04,G04,Peter See,36,7468509,4979358,66.67,10267,20708,55.92303715,59.00414754,19.67562256
E18-5.Kd#2,MF.64p6Cn6Gn.E18.5.Kd.2,MF.64p6Cn6Gn.E18.5.Kd,Macrophage,Kidney,CD45+CD11b+F4/80+CD64+Ly6C-Ly6G-,Ginhoux,none,000008544769_H04,H04,Peter See,36,13388814,9214292,68.82,11527,16675,60.33949381,64.00996711,18.60790495
E18-5.Lv#1,MF.64p6Cn6Gn.E18.5.Lv.1,MF.64p6Cn6Gn.E18.5.Lv,Macrophage,Liver,CD45+CD11b+F4/80+CD64+Ly6C-Ly6G-,Ginhoux,none,000008544769_A05,A05,Peter See,36,11877871,7722735,65.02,11791,20359,58.21996641,61.3374236,19.23634024
E18-5.Lv#2,MF.64p6Cn6Gn.E18.5.Lv.2,MF.64p6Cn6Gn.E18.5.Lv,Macrophage,Liver,CD45+CD11b+F4/80+CD64+Ly6C-Ly6G-,Ginhoux,none,000008544769_B05,B05,Peter See,36,9736908,6285707,64.56,11453,20469,55.46767181,58.06615108,19.64687266
E18-5.PL#2,MF.64p6Cn6Gn.E18.5.PC.1,MF.64p6Cn6Gn.E18.5.PC,Macrophage,Peritoneal Cavity,CD45+CD11b+F4/80+CD64+Ly6C-Ly6G-,Ginhoux,none,000008544769_F07,F07,Peter See,36,10271418,6441639,62.71,9625,20928,49.68828884,50.44021819,22.37176821
E18-5.PL#3,MF.64p6Cn6Gn.E18.5.PC.2,MF.64p6Cn6Gn.E18.5.PC,Macrophage,Peritoneal Cavity,CD45+CD11b+F4/80+CD64+Ly6C-Ly6G-,Ginhoux,none,000008544769_G07,G07,Peter See,36,9792683,5959499,60.86,9435,19292,47.84450207,47.59113227,22.65752098
E18-5.F.Sp#2,MF.64p6Cn6Gn.E18.5.Sp.1,MF.64p6Cn6Gn.E18.5.Sp,Macrophage,Spleen,CD45+CD11b+F4/80+CD64+Ly6C-Ly6G-,Ginhoux,none,000008544769_H07,H07,Peter See,36,12765158,7846175,61.47,11704,23015,59.17791501,62.68695163,19.60258293
E18-5.F.Sp#3,MF.64p6Cn6Gn.E18.5.Sp.2,MF.64p6Cn6Gn.E18.5.Sp,Macrophage,Spleen,CD45+CD11b+F4/80+CD64+Ly6C-Ly6G-,Ginhoux,none,000008544769_A08,A08,Peter See,36,14857256,10076592,67.82,12397,22631,63.26366474,67.54353235,18.13200932
E18-5.F.Thy#2,MF.64p6Cn6Gn.E18.5.Thy.1,MF.64p6Cn6Gn.E18.5.Thy,Macrophage,Thymus,CD45+CD11b+F4/80+CD64+Ly6C-Ly6G-,Ginhoux,none,000008544769_B08,B08,Peter See,36,15652371,10925860,69.8,12640,16198,64.29694217,68.32103265,17.74577921
E18-5.F.Thy#3,MF.64p6Cn6Gn.E18.5.Thy.2,MF.64p6Cn6Gn.E18.5.Thy,Macrophage,Thymus,CD45+CD11b+F4/80+CD64+Ly6C-Ly6G-,Ginhoux,none,000008544769_C08,C08,Peter See,36,9351200,6110596,65.35,11170,18734,56.59215222,59.76331369,19.3045559
E18-5.F.Thy#4,MF.64p6Cn6Gn.E18.5.Thy.3,MF.64p6Cn6Gn.E18.5.Thy,Macrophage,Thymus,CD45+CD11b+F4/80+CD64+Ly6C-Ly6G-,Ginhoux,none,000008544769_D08,D08,Peter See,36,7255108,4638557,63.94,10631,18723,55.17664412,57.8797634,19.39611363
NB.Kd#1,MF.64p6Cn6Gn.Kd.Neo.1,MF.64p6Cn6Gn.Kd.Neo,Macrophage,Kidney,CD45+CD11b+F4/80+CD64+Ly6C-Ly6G-,Ginhoux,none,000008544769_H03,H03,Peter See,36,8059152,5529180,68.61,10633,21550,57.7152403,61.04742597,19.50370998
NB.Kd#2,MF.64p6Cn6Gn.Kd.Neo.2,MF.64p6Cn6Gn.Kd.Neo,Macrophage,Kidney,CD45+CD11b+F4/80+CD64+Ly6C-Ly6G-,Ginhoux,none,000008544769_A04,A04,Peter See,36,14177590,9752982,68.79,11566,20310,61.73012742,65.52304865,18.55163456
NB.Lg#1,MF.64p6Cn6Gn.Lu.Neo.1,MF.64p6Cn6Gn.Lu.Neo,Macrophage,Lung,CD45+CD11b+F4/80+CD64+Ly6C-Ly6G-,Ginhoux,none,000008544769_C05,C05,Peter See,36,8068608,5391197,66.82,10545,18385,54.83661063,57.60626421,21.11195833
NB.Lg#2,MF.64p6Cn6Gn.Lu.Neo.2,MF.64p6Cn6Gn.Lu.Neo,Macrophage,Lung,CD45+CD11b+F4/80+CD64+Ly6C-Ly6G-,Ginhoux,none,000008544769_D05,D05,Peter See,36,10576388,6836865,64.64,11103,17236,57.12733849,59.95551052,19.44372799
E14-5.F.PL#2,MF.E14.5.F.PC.1,MF.E14.5.F.PC,Macrophage,Peritoneal Cavity,F4/80+CD102+,Ginhoux,none,000008544769_H06,H06,Peter See,36,13820846,9309596,67.36,10917,18543,59.18580614,63.42232182,19.47452359
E14-5.F.PL#3,MF.E14.5.F.PC.2,MF.E14.5.F.PC,Macrophage,Peritoneal Cavity,F4/80+CD102+,Ginhoux,none,000008544769_A07,A07,Peter See,36,12885796,8517046,66.1,10745,19320,57.26590523,60.4306943,19.82030439
E14-5.F.PL#4,MF.E14.5.F.PC.3,MF.E14.5.F.PC,Macrophage,Peritoneal Cavity,F4/80+CD102+,Ginhoux,none,000008544769_B07,B07,Peter See,36,12459896,8171768,65.58,10673,21681,57.74194573,61.22694258,19.98152149
E16-5.F.PL#3,MF.E16.5.PC.1,MF.E16.5.PC,Macrophage,Peritoneal Cavity,F4/80+CD102+,Ginhoux,none,000008544769_F06,F06,Peter See,36,16285760,10753248,66.03,11124,15835,60.71203957,64.83565733,18.93212942
E16-5.F.PL#4,MF.E16.5.PC.2,MF.E16.5.PC,Macrophage,Peritoneal Cavity,F4/80+CD102+,Ginhoux,none,000008544769_G06,G06,Peter See,36,16305629,10823492,66.38,11255,16106,59.87375457,63.88000704,19.25402411
E18-5.F.PL#1,MF.E18.5.F.PC.1,MF.E18.5.F.PC,Macrophage,Peritoneal Cavity,F4/80+CD102+,Ginhoux,none,000008544769_C07,C07,Peter See,36,16048824,10719272,66.79,11157,20614,58.5631905,61.96494225,19.99708315
E18-5.F.PL#3,MF.E18.5.F.PC.2,MF.E18.5.F.PC,Macrophage,Peritoneal Cavity,F4/80+CD102+,Ginhoux,none,000008544769_D07,D07,Peter See,36,11501274,7221443,62.79,10241,21635,54.24803224,56.69590725,20.38442703
E18-5.F.PL#4,MF.E18.5.F.PC.3,MF.E18.5.F.PC,Macrophage,Peritoneal Cavity,F4/80+CD102+,Ginhoux,none,000008544769_E07,E07,Peter See,36,18380547,12222583,66.5,11636,22772,61.57197293,65.54452914,18.48827232
MF.8wk.M.PC#1,MF.PC.37,MF.PC,Macrophage,Peritoneal Cavity,CD102+F4/80+,Ginhoux,none,000008550869_C03,C03,Regine Dress,42,17105464,12252912,71.63,11711,18607,65.76348885,70.65567916,18.69122298
MF.8wk.M.PC#2,MF.PC.38,MF.PC,Macrophage,Peritoneal Cavity,CD102+F4/80+,Ginhoux,none,000008550869_D03,D03,Regine Dress,42,10796558,7589081,70.29,10870,16845,62.08173878,66.93603059,20.27310531
NB.F.PL#1,MF.PC.F.Neo.1,MF.PC.F.Neo,Macrophage,Peritoneal Cavity,F4/80+CD102+,Ginhoux,none,000008544769_D06,D06,Peter See,36,7655322,4920226,64.27,9749,20019,52.33175812,54.45372103,21.24192606
NB.F.PL#2,MF.PC.F.Neo.2,MF.PC.F.Neo,Macrophage,Peritoneal Cavity,F4/80+CD102+,Ginhoux,none,000008544769_E06,E06,Peter See,36,15523676,10211900,65.78,11070,18367,60.48128478,64.77950804,19.16976911
DC.cDC1.LV#1,DC.cDC1.XCR1p.Lv.1,DC.cDC1.XCR1p.Lv,Dendritic Cell,Liver,CD45+ XCR1+ CD11c+ MHCII+,Guilliams,none,000008527969_E01,E01,Charlotte Scott,27,12799442,8782810,68.62,11226,18250,59.08259784,62.8130094,19.35242066
DC.cDC1.LV#2,DC.cDC1.XCR1p.Lv.2,DC.cDC1.XCR1p.Lv,Dendritic Cell,Liver,CD45+ XCR1+ CD11c+ MHCII+,Guilliams,none,000008527969_F01,F01,Charlotte Scott,27,12132181,8364837,68.95,11144,18322,59.06264314,62.95553043,19.5610465
DC.cDC1.LV#3,DC.cDC1.XCR1p.Lv.3,DC.cDC1.XCR1p.Lv,Dendritic Cell,Liver,CD45+ XCR1+ CD11c+ MHCII+,Guilliams,none,000008527969_G01,G01,Charlotte Scott,27,14504054,9930722,68.47,11512,20329,61.18881697,65.55466324,19.0784561
DC.cDC2.LV#1,DC.cDC2.172ap.Lv.1,DC.cDC2.172ap.Lv,Dendritic Cell,Liver,CD45+ CD172a+ CD11c+ MHCII+,Guilliams,none,000008527969_A02,A02,Charlotte Scott,27,11247045,7756503,68.96,11460,18603,59.05221683,62.97380066,19.57716872
DC.cDC2.LV#2,DC.cDC2.172ap.Lv.2,DC.cDC2.172ap.Lv,Dendritic Cell,Liver,CD45+ CD172a+ CD11c+ MHCII+,Guilliams,none,000008527969_B02,B02,Charlotte Scott,27,8286537,5551698,67,10700,17668,54.67369958,57.99780043,19.98228358
DC.cDC2.LV#3,DC.cDC2.172ap.Lv.3,DC.cDC2.172ap.Lv,Dendritic Cell,Liver,CD45+ CD172a+ CD11c+ MHCII+,Guilliams,none,000008527969_C02,C02,Charlotte Scott,27,9369670,6390187,68.2,11103,19216,56.47299355,59.82015918,19.78306797
DC.cDC2.LV#4,DC.cDC2.172ap.Lv.4,DC.cDC2.172ap.Lv,Dendritic Cell,Liver,CD45+ CD172a+ CD11c+ MHCII+,Guilliams,none,000008527969_D02,D02,Charlotte Scott,27,6000999,3709907,61.82,10223,18197,52.23410534,54.67891339,19.96886144
DC.pDC.LV#1,DC.pDC.120g8p11cintp6Cp.Lv.1,DC.pDC.120g8p11cintp6Cp.Lv,Dendritic Cell,Liver,120g8+ CD11c(int) Ly6C+ MHCII+,Guilliams,none,000008527969_E02,E02,Charlotte Scott,27,12634154,8891295,70.38,11490,17724,61.01898317,64.94140804,18.48984089
DC.pDC.LV#2,DC.pDC.120g8p11cintp6Cp.Lv.2,DC.pDC.120g8p11cintp6Cp.Lv,Dendritic Cell,Liver,120g8+ CD11c(int) Ly6C+ MHCII+,Guilliams,none,000008527969_F02,F02,Charlotte Scott,27,13824144,9742059,70.47,11719,19126,61.77590687,65.84904937,18.50315831
DC.pDC.LV#3,DC.pDC.120g8p11cintp6Cp.Lv.3,DC.pDC.120g8p11cintp6Cp.Lv,Dendritic Cell,Liver,120g8+ CD11c(int) Ly6C+ MHCII+,Guilliams,none,000008527969_G02,G02,Charlotte Scott,27,10136416,7052334,69.57,11326,22641,58.70466001,62.93776791,19.32745
DC.pDC.LV#4,DC.pDC.120g8p11cintp6Cp.Lv.4,DC.pDC.120g8p11cintp6Cp.Lv,Dendritic Cell,Liver,120g8+ CD11c(int) Ly6C+ MHCII+,Guilliams,none,000008527969_H02,H02,Charlotte Scott,27,10094644,6333122,62.74,11106,23043,53.60532172,55.56137504,20.97216995
MF.KC.APAP.12h.LV#1,MF.KC.Clec4FpTim4p64p.APAP.12h.Lv.1,MF.KC.Clec4FpTim4p64p.APAP.12h.Lv,Macrophage,Liver,Clec4F+ Tim4+ CD45+ F4/80+ CD64+,Guilliams,none,000008527969_G03,G03,Charlotte Scott,27,13649928,9339811,68.42,11795,18264,60.70416855,64.67473269,18.21350681
MF.KC.APAP.12h.LV#2,MF.KC.Clec4FpTim4p64p.APAP.12h.Lv.2,MF.KC.Clec4FpTim4p64p.APAP.12h.Lv,Macrophage,Liver,Clec4F+ Tim4+ CD45+ F4/80+ CD64+,Guilliams,none,000008527969_H03,H03,Charlotte Scott,27,10886522,7744587,71.14,11361,18149,58.9301178,62.09073915,18.4802362
MF.KC.APAP.12h.LV#4,MF.KC.Clec4FpTim4p64p.APAP.12h.Lv.4,MF.KC.Clec4FpTim4p64p.APAP.12h.Lv,Macrophage,Liver,Clec4F+ Tim4+ CD45+ F4/80+ CD64+,Guilliams,none,000008527969_B04,B04,Charlotte Scott,27,11556350,8146022,70.49,11495,17788,60.00896909,63.81591729,18.74184161
MF.KC.APAP.36h.LV#1,MF.KC.Clec4FpTim4p64p.APAP.36h.Lv.1,MF.KC.Clec4FpTim4p64p.APAP.36h.Lv,Macrophage,Liver,Clec4F+ Tim4+ CD45+ F4/80+ CD64+,Guilliams,none,000008527969_C04,C04,Charlotte Scott,27,13531928,9239534,68.28,11558,17701,63.49092275,68.62335137,18.65570304
MF.KC.APAP.36h.LV#2,MF.KC.Clec4FpTim4p64p.APAP.36h.Lv.2,MF.KC.Clec4FpTim4p64p.APAP.36h.Lv,Macrophage,Liver,Clec4F+ Tim4+ CD45+ F4/80+ CD64+,Guilliams,none,000008527969_D04,D04,Charlotte Scott,27,9365910,6101829,65.15,11266,17789,59.28032277,63.3818265,18.95464305
MF.KC.APAP.36h.LV#3,MF.KC.Clec4FpTim4p64p.APAP.36h.Lv.3,MF.KC.Clec4FpTim4p64p.APAP.36h.Lv,Macrophage,Liver,Clec4F+ Tim4+ CD45+ F4/80+ CD64+,Guilliams,none,000008527969_E04,E04,Charlotte Scott,27,11175622,7199450,64.42,11279,17569,61.20339077,65.70730687,18.72242295
MF.KC.APAP.36h.LV#4,MF.KC.Clec4FpTim4p64p.APAP.36h.Lv.4,MF.KC.Clec4FpTim4p64p.APAP.36h.Lv,Macrophage,Liver,Clec4F+ Tim4+ CD45+ F4/80+ CD64+,Guilliams,none,000008527969_F04,F04,Charlotte Scott,27,14085819,9724565,69.04,11835,18069,63.50154247,68.24441383,18.33704811
MF.KC.LV#2,MF.KC.Clec4FpTim4p64p.Lv.2,MF.KC.Clec4FpTim4p64p.Lv,Macrophage,Liver,Clec4F+ Tim4+ CD45+ F4/80+ CD64+,Guilliams,none,000008527969_B01,B01,Charlotte Scott,27,13051757,9435156,72.29,12103,18421,60.67894077,64.55368662,18.55089891
MF.KC.LV#3,MF.KC.Clec4FpTim4p64p.Lv.3,MF.KC.Clec4FpTim4p64p.Lv,Macrophage,Liver,Clec4F+ Tim4+ CD45+ F4/80+ CD64+,Guilliams,none,000008527969_C01,C01,Charlotte Scott,27,14388804,10174571,70.71,11985,18274,61.63778676,65.97703734,18.5417753
MF.KC.LV#4,MF.KC.Clec4FpTim4p64p.Lv.4,MF.KC.Clec4FpTim4p64p.Lv,Macrophage,Liver,Clec4F+ Tim4+ CD45+ F4/80+ CD64+,Guilliams,none,000008527969_D01,D01,Charlotte Scott,27,7397292,5137424,69.45,10585,16655,54.86884998,58.55031823,19.97460091
MF.KC.APAP.PBS.LV#1,MF.KC.Clec4FpTim4p64p.PBS.Lv.1,MF.KC.Clec4FpTim4p64p.PBS.Lv,Macrophage,Liver,Clec4F+ Tim4+ CD45+ F4/80+ CD64+,Guilliams,none,000008527969_C03,C03,Charlotte Scott,27,14777204,10177746,68.87,12242,18953,62.55272915,66.80667238,17.90653077
MF.KC.APAP.PBS.LV#2,MF.KC.Clec4FpTim4p64p.PBS.Lv.2,MF.KC.Clec4FpTim4p64p.PBS.Lv,Macrophage,Liver,Clec4F+ Tim4+ CD45+ F4/80+ CD64+,Guilliams,none,000008527969_D03,D03,Charlotte Scott,27,9384664,6048203,64.45,11333,18420,58.04413802,61.99381538,19.02122759
MF.KC.APAP.PBS.LV#3,MF.KC.Clec4FpTim4p64p.PBS.Lv.3,MF.KC.Clec4FpTim4p64p.PBS.Lv,Macrophage,Liver,Clec4F+ Tim4+ CD45+ F4/80+ CD64+,Guilliams,none,000008527969_E03,E03,Charlotte Scott,27,16845395,10837295,64.33,12356,19034,63.07046117,67.14139439,17.52906958
MF.KC.APAP.PBS.LV#4,MF.KC.Clec4FpTim4p64p.PBS.Lv.4,MF.KC.Clec4FpTim4p64p.PBS.Lv,Macrophage,Liver,Clec4F+ Tim4+ CD45+ F4/80+ CD64+,Guilliams,none,000008527969_F03,F03,Charlotte Scott,27,15388177,10230482,66.48,12278,19073,63.00389197,67.30015907,17.92431841
Mo.Ly6ChiCD11b+.APAP.12h.LV#1,Mo.6Chi11bp.APAP.12h.Lv.1,Mo.6Chi11bp.APAP.12h.Lv,Monocyte,Liver,Ly6Chi CD11b+ CD45+,Guilliams,none,000008527969_C05,C05,Charlotte Scott,27,10640785,7045542,66.21,10697,16703,59.39216049,63.85196687,19.36140192
Mo.Ly6ChiCD11b+.APAP.12h.LV#2,Mo.6Chi11bp.APAP.12h.Lv.2,Mo.6Chi11bp.APAP.12h.Lv,Monocyte,Liver,Ly6Chi CD11b+ CD45+,Guilliams,none,000008527969_D05,D05,Charlotte Scott,27,8084269,4977067,61.56,9929,15757,57.64036973,61.58844887,20.0996199
Mo.Ly6ChiCD11b+.APAP.12h.LV#3,Mo.6Chi11bp.APAP.12h.Lv.3,Mo.6Chi11bp.APAP.12h.Lv,Monocyte,Liver,Ly6Chi CD11b+ CD45+,Guilliams,none,000008527969_E05,E05,Charlotte Scott,27,9534024,6348830,66.59,10516,17326,58.93097363,63.29082051,19.75315217
Mo.Ly6ChiCD11b+.APAP.12h.LV#4,Mo.6Chi11bp.APAP.12h.Lv.4,Mo.6Chi11bp.APAP.12h.Lv,Monocyte,Liver,Ly6Chi CD11b+ CD45+,Guilliams,none,000008527969_F05,F05,Charlotte Scott,27,16805073,11212401,66.72,11386,18088,64.00667517,68.83131982,18.59136146
Mo.Ly6ChiCD11b+.APAP.36h.LV#1,Mo.6Chi11bp.APAP.36h.Lv.1,Mo.6Chi11bp.APAP.36h.Lv,Monocyte,Liver,Ly6Chi CD11b+ CD45+,Guilliams,none,000008527969_G05,G05,Charlotte Scott,27,13512803,9480449,70.16,11004,16749,62.12392544,66.384445,18.86511826
Mo.Ly6ChiCD11b+.APAP.36h.LV#2,Mo.6Chi11bp.APAP.36h.Lv.2,Mo.6Chi11bp.APAP.36h.Lv,Monocyte,Liver,Ly6Chi CD11b+ CD45+,Guilliams,none,000008527969_H05,H05,Charlotte Scott,27,10513493,7428277,70.65,10806,16843,59.34297869,63.17713459,19.6364605
Mo.Ly6ChiCD11b+.APAP.36h.LV#3,Mo.6Chi11bp.APAP.36h.Lv.3,Mo.6Chi11bp.APAP.36h.Lv,Monocyte,Liver,Ly6Chi CD11b+ CD45+,Guilliams,none,000008527969_A06,A06,Charlotte Scott,27,9900849,6740813,68.08,10627,17153,59.5478492,63.2616728,19.07102273
Mo.Ly6ChiCD11b+.APAP.36h.LV#4,Mo.6Chi11bp.APAP.36h.Lv.4,Mo.6Chi11bp.APAP.36h.Lv,Monocyte,Liver,Ly6Chi CD11b+ CD45+,Guilliams,none,000008527969_B06,B06,Charlotte Scott,27,12292469,8384437,68.21,10758,17037,61.04624448,65.32466673,19.04222093
Mo.Ly6ChiCD11b+.APAP.PBS.LV#1,Mo.6Chi11bp.PBS.Lv.1,Mo.6Chi11bp.PBS.Lv,Monocyte,Liver,Ly6Chi CD11b+ CD45+,Guilliams,none,000008527969_G04,G04,Charlotte Scott,27,6750735,4258250,63.08,10092,16788,54.74662654,57.92029026,20.06138719
Mo.Ly6ChiCD11b+.APAP.PBS.LV#2,Mo.6Chi11bp.PBS.Lv.2,Mo.6Chi11bp.PBS.Lv,Monocyte,Liver,Ly6Chi CD11b+ CD45+,Guilliams,none,000008527969_H04,H04,Charlotte Scott,27,10161298,7064417,69.52,11089,18441,59.27755614,63.15109872,19.26688314
Mo.Ly6ChiCD11b+.APAP.PBS.LV#3,Mo.6Chi11bp.PBS.Lv.3,Mo.6Chi11bp.PBS.Lv,Monocyte,Liver,Ly6Chi CD11b+ CD45+,Guilliams,none,000008527969_A05,A05,Charlotte Scott,27,8890467,6113230,68.76,10805,17924,57.70918622,61.94464919,19.84954626
Mo.Ly6ChiCD11b+.APAP.PBS.LV#4,Mo.6Chi11bp.PBS.Lv.4,Mo.6Chi11bp.PBS.Lv,Monocyte,Liver,Ly6Chi CD11b+ CD45+,Guilliams,none,000008527969_B05,B05,Charlotte Scott,27,14364164,9101907,63.37,11704,18074,60.77902592,64.88932164,18.92520868
Mo.Ly6CintCD11cint.APAP.36h.LV#1,Mo.6Cint11cint.APAP.36h.Lv.1,Mo.6Cint11cint.APAP.36h.Lv,Monocyte,Liver,Ly6Cint CD11b+ CD11cint CD45+,Guilliams,none,000008527969_C06,C06,Charlotte Scott,27,11083086,7582463,68.41,10861,16563,60.67655549,65.09146027,19.11665102
Mo.Ly6CintCD11cint.APAP.36h.LV#2,Mo.6Cint11cint.APAP.36h.Lv.2,Mo.6Cint11cint.APAP.36h.Lv,Monocyte,Liver,Ly6Cint CD11b+ CD11cint CD45+,Guilliams,none,000008527969_D06,D06,Charlotte Scott,27,6034035,4009124,66.44,10137,15918,56.94171307,60.57857263,19.87797368
Mo.Ly6CintCD11cint.APAP.36h.LV#3,Mo.6Cint11cint.APAP.36h.Lv.3,Mo.6Cint11cint.APAP.36h.Lv,Monocyte,Liver,Ly6Cint CD11b+ CD11cint CD45+,Guilliams,none,000008527969_E06,E06,Charlotte Scott,27,14851374,9706840,65.36,11551,18057,64.60201362,69.39585141,17.77649165
Mo.Ly6CintCD11cint.APAP.36h.LV#4,Mo.6Cint11cint.APAP.36h.Lv.4,Mo.6Cint11cint.APAP.36h.Lv,Monocyte,Liver,Ly6Cint CD11b+ CD11cint CD45+,Guilliams,none,000008527969_F06,F06,Charlotte Scott,27,13920832,9409932,67.6,11337,17896,63.79748158,68.45116647,17.99985536
MF.AM.BAL#1,MF.11cpSigFp.BAL.1,MF.11cpSigFp.BAL,Macrophage,Lung,"F4/80+	 CD11c+	 Siglec F+",Jakubzick,none,000008530769_E01,E01,Sophie Gibbings,29,17420783,10782319,61.89,11323,19214,61.02454877,64.61963137,19.11456373
MF.AM.BAL#2,MF.11cpSigFp.BAL.2,MF.11cpSigFp.BAL,Macrophage,Lung,"F4/80+	 CD11c+	 Siglec F+",Jakubzick,none,000008530769_F01,F01,Sophie Gibbings,29,17709363,10606114,59.89,11121,20944,59.78807634,63.47056553,19.74359444
MF.AMLPSd6.BAL#1,MF.11cpSigFp.LPS.d6.BAL.1,MF.11cpSigFp.LPS.d6.BAL,Macrophage,Lung,"F4/80+	 CD11c+	 Siglec F+",Jakubzick,none,000008530769_A02,A02,Sophie Gibbings,29,17573986,10681039,60.78,11229,18301,64.09114873,68.66181035,18.81548995
MF.AMLPSd6.BAL#2,MF.11cpSigFp.LPS.d6.BAL.2,MF.11cpSigFp.LPS.d6.BAL,Macrophage,Lung,"F4/80+	 CD11c+	 Siglec F+",Jakubzick,none,000008530769_B02,B02,Sophie Gibbings,29,13839472,8863135,64.04,10963,18932,61.10089817,65.28515431,19.1452835
MF.CD206+MHCII-LPSd3.Lu#1,MF.64p6Cn206pIIn.LPS.d3.Lu.1,MF.64p6Cn206pIIn.LPS.d3.Lu,Macrophage,Lung,"CD11b+	 CD64+	 Ly6C-	 CD206+	 MHCII-",Jakubzick,none,000008530769_A04,A04,Sophie Gibbings,29,11348607,7491157,66.01,11293,20250,57.37437295,60.66062544,19.26663714
MF.CD206+MHCII-LPSd3.Lu#2,MF.64p6Cn206pIIn.LPS.d3.Lu.2,MF.64p6Cn206pIIn.LPS.d3.Lu,Macrophage,Lung,"CD11b+	 CD64+	 Ly6C-	 CD206+	 MHCII-",Jakubzick,none,000008530769_B04,B04,Sophie Gibbings,29,10450575,6849983,65.55,11140,21354,55.50993169,58.38885543,19.6308634
MF.CD206+MHCII-LPSd6.Lu#1,MF.64p6Cn206pIIn.LPS.d6.Lu.1,MF.64p6Cn206pIIn.LPS.d6.Lu,Macrophage,Lung,"CD11b+	 CD64+	 Ly6C-	 CD206+	 MHCII-",Jakubzick,none,000008530769_C04,C04,Sophie Gibbings,29,14380153,9633625,66.99,12122,23366,60.97842664,64.7936533,18.0178816
MF.CD206+MHCII-LPSd6.Lu#2,MF.64p6Cn206pIIn.LPS.d6.Lu.2,MF.64p6Cn206pIIn.LPS.d6.Lu,Macrophage,Lung,"CD11b+	 CD64+	 Ly6C-	 CD206+	 MHCII-",Jakubzick,none,000008530769_D04,D04,Sophie Gibbings,29,7749225,4819154,62.19,10612,22429,51.56433515,53.54489643,19.40537236
MF.CD206+MHCII-.Lu#1,MF.64p6Cn206pIIn.Lu.1,MF.64p6Cn206pIIn.Lu,Macrophage,Lung,"CD11b+	 CD64+	 Ly6C-	 CD206+	 MHCII-",Jakubzick,none,000008530769_G03,G03,Sophie Gibbings,29,18028535,12025028,66.7,12581,23435,62.90802654,66.90995474,17.70784161
MF.CD206+MHCII-.Lu#2,MF.64p6Cn206pIIn.Lu.2,MF.64p6Cn206pIIn.Lu,Macrophage,Lung,"CD11b+	 CD64+	 Ly6C-	 CD206+	 MHCII-",Jakubzick,none,000008530769_H03,H03,Sophie Gibbings,29,13445971,9091460,67.61,11936,22716,60.57835978,64.32324425,18.8705303
MF.CD206+MHCII+LPSd3.Lu#1,MF.64p6Cn206pIIp.LPS.d3.Lu.1,MF.64p6Cn206pIIp.LPS.d3.Lu,Macrophage,Lung,"CD11b+	 CD64+	 Ly6C-	 CD206+	 MHCII+",Jakubzick,none,000008530769_G04,G04,Sophie Gibbings,29,5460961,3546838,64.95,9799,18505,49.04330779,50.37781529,20.15216789
MF.CD206+MHCII+LPSd3.Lu#2,MF.64p6Cn206pIIp.LPS.d3.Lu.2,MF.64p6Cn206pIIp.LPS.d3.Lu,Macrophage,Lung,"CD11b+	 CD64+	 Ly6C-	 CD206+	 MHCII+",Jakubzick,none,000008530769_H04,H04,Sophie Gibbings,29,11736324,7911167,67.41,11405,20409,58.02937588,61.48880113,19.22628212
MF.CD206+MHCII+LPSd6.Lu#1,MF.64p6Cn206pIIp.LPS.d6.Lu.1,MF.64p6Cn206pIIp.LPS.d6.Lu,Macrophage,Lung,"CD11b+	 CD64+	 Ly6C-	 CD206+	 MHCII+",Jakubzick,none,000008530769_A05,A05,Sophie Gibbings,29,10704656,7034156,65.71,11357,22541,57.01563926,60.18582116,19.1090243
MF.CD206+MHCII+LPSd6.Lu#2,MF.64p6Cn206pIIp.LPS.d6.Lu.2,MF.64p6Cn206pIIp.LPS.d6.Lu,Macrophage,Lung,"CD11b+	 CD64+	 Ly6C-	 CD206+	 MHCII+",Jakubzick,none,000008530769_B05,B05,Sophie Gibbings,29,14931855,9771829,65.44,12671,26371,59.46617639,62.58215135,18.37405684
MF.CD206-MHCII+LPSd3.Lu#1,MF.64p6Cn206nIIp.LPS.d3.Lu.1,MF.64p6Cn206nIIp.LPS.d3.Lu,Macrophage,Lung,"CD11b+	 CD64+	 Ly6C-	 CD206-	 MHCII+",Jakubzick,none,000008530769_E05,E05,Sophie Gibbings,29,12452813,8207673,65.91,11570,22503,58.09723308,61.52435607,19.09368348
MF.CD206-MHCII+LPSd3.Lu#2,MF.64p6Cn206nIIp.LPS.d3.Lu.2,MF.64p6Cn206nIIp.LPS.d3.Lu,Macrophage,Lung,"CD11b+	 CD64+	 Ly6C-	 CD206-	 MHCII+",Jakubzick,none,000008530769_F05,F05,Sophie Gibbings,29,13408364,8851458,66.01,11384,19827,58.21866911,61.89053359,19.44292867
MF.CD206-MHCII+LPSd6.Lu#1,MF.64p6Cn206nIIp.LPS.d6.Lu.1,MF.64p6Cn206nIIp.LPS.d6.Lu,Macrophage,Lung,"CD11b+	 CD64+	 Ly6C-	 CD206-	 MHCII+",Jakubzick,none,000008530769_G05,G05,Sophie Gibbings,29,15963185,10543739,66.05,12290,23256,61.14164651,64.76218457,18.21101857
MF.CD206-MHCII+LPSd6.Lu#2,MF.64p6Cn206nIIp.LPS.d6.Lu.2,MF.64p6Cn206nIIp.LPS.d6.Lu,Macrophage,Lung,"CD11b+	 CD64+	 Ly6C-	 CD206-	 MHCII+",Jakubzick,none,000008530769_H05,H05,Sophie Gibbings,29,14149242,9627713,68.04,12156,21689,61.00803246,64.85038759,18.55390332
MF.CD206-MHCII+.Lu#1,MF.64p6Cn206nIIp.Lu.1,MF.64p6Cn206nIIp.Lu,Macrophage,Lung,"CD11b+	 CD64+	 Ly6C-	 CD206-	 MHCII+",Jakubzick,none,000008530769_C05,C05,Sophie Gibbings,29,16579053,11122803,67.09,12461,21990,62.51129989,66.11287497,17.79677731
MF.CD206-MHCII+.Lu#2,MF.64p6Cn206nIIp.Lu.2,MF.64p6Cn206nIIp.Lu,Macrophage,Lung,"CD11b+	 CD64+	 Ly6C-	 CD206-	 MHCII+",Jakubzick,none,000008530769_D05,D05,Sophie Gibbings,29,8576691,5646868,65.84,10950,19275,56.04350834,58.86597605,19.09983396
MF.F4/80+ICAM2+.PC#1,MF.PC.17,MF.PC,Macrophage,Peritoneal Cavity,"F4/80+	 ICAM2+",Jakubzick,none,000008530769_A06,A06,Sophie Gibbings,29,12787695,7974784,62.36,10916,19098,58.09505607,61.79782257,19.88865874
MF.F4/80+ICAM2+.PC#2,MF.PC.18,MF.PC,Macrophage,Peritoneal Cavity,"F4/80+	 ICAM2+",Jakubzick,none,000008530769_B06,B06,Sophie Gibbings,29,12096606,7652140,63.26,10900,18644,57.49898828,61.07303137,19.83769626
MF.CD11b+LPSd3.BAL#1,MF.SSChipSigFn.LPS.d3.BAL.1,MF.SSChipSigFn.LPS.d3.BAL,Macrophage,Lung,"SSChi	 F4/80+	 CD11b+	 Siglec F-",Jakubzick,none,000008530769_C02,C02,Sophie Gibbings,29,14597944,9206964,63.07,10863,19121,59.18026121,62.9357191,19.56626133
MF.CD11b+LPSd3.BAL#2,MF.SSChipSigFn.LPS.d3.BAL.2,MF.SSChipSigFn.LPS.d3.BAL,Macrophage,Lung,"SSChi	 F4/80+	 CD11b+	 Siglec F-",Jakubzick,none,000008530769_D02,D02,Sophie Gibbings,29,9306937,5767700,61.97,9849,16685,54.03460512,56.38187505,20.434866
MF.CD11b+LPSd6.BAL#1,MF.SSChipSigFn.LPS.d6.BAL.1,MF.SSChipSigFn.LPS.d6.BAL,Macrophage,Lung,"SSChi	 F4/80+	 CD11b+	 Siglec F-",Jakubzick,none,000008530769_E02,E02,Sophie Gibbings,29,12757479,8335833,65.34,11195,19476,61.18205713,64.98824815,18.35467226
MF.CD11b+LPSd6.BAL#2,MF.SSChipSigFn.LPS.d6.BAL.2,MF.SSChipSigFn.LPS.d6.BAL,Macrophage,Lung,"SSChi	 F4/80+	 CD11b+	 Siglec F-",Jakubzick,none,000008530769_F02,F02,Sophie Gibbings,29,13573701,8838363,65.11,11462,22458,61.23994276,65.1856237,18.48516132
Mo.Ly6C+LPSd3.Lu#1,Mo.64p6CpIIp.LPS.d3.Lu.1,Mo.64p6CpIIp.LPS.d3.Lu,Monocyte,Lung,"CD11b+	CD64+	 Ly6C+	 MHCII+",Jakubzick,none,000008530769_C03,C03,Sophie Gibbings,29,14572286,9540509,65.47,11281,19765,60.2853544,64.23916661,19.25295857
Mo.Ly6C+LPSd3.Lu#2,Mo.64p6CpIIp.LPS.d3.Lu.2,Mo.64p6CpIIp.LPS.d3.Lu,Monocyte,Lung,"CD11b+	CD64+	 Ly6C+	 MHCII+",Jakubzick,none,000008530769_D03,D03,Sophie Gibbings,29,9999481,6232171,62.32,10303,18329,56.1042867,59.61541932,20.1994355
Mo.Ly6C+LPSd6.Lu#1,Mo.64p6CpIIp.LPS.d6.Lu.1,Mo.64p6CpIIp.LPS.d6.Lu,Monocyte,Lung,"CD11b+	CD64+	 Ly6C+	 MHCII+",Jakubzick,none,000008530769_E03,E03,Sophie Gibbings,29,18683254,12128965,64.92,12068,20118,63.44336842,67.67344914,18.11044549
Mo.Ly6C+LPSd6.Lu#2,Mo.64p6CpIIp.LPS.d6.Lu.2,Mo.64p6CpIIp.LPS.d6.Lu,Monocyte,Lung,"CD11b+	CD64+	 Ly6C+	 MHCII+",Jakubzick,none,000008530769_F03,F03,Sophie Gibbings,29,15590881,10301281,66.07,12595,21285,61.95773838,65.93594459,18.04269875
Mo.Ly6C+.Lu#4,Mo.6Cp.Lu.4,Mo.6Cp.Lu,Monocyte,Lung,"CD11b+	CD64+	 Ly6C+	 MHCII+",Jakubzick,none,000008530769_A03,A03,Sophie Gibbings,29,14494695,7653507,52.8,11477,20455,58.7671582,62.32440465,19.50143292
Mo.Ly6C+.Lu#5,Mo.6Cp.Lu.5,Mo.6Cp.Lu,Monocyte,Lung,"CD11b+	CD64+	 Ly6C+	 MHCII+",Jakubzick,none,000008530769_B03,B03,Sophie Gibbings,29,15270942,9677604,63.37,12458,23651,60.83441922,64.60968283,18.69670806
Mo.Ly6C+LPSd3.BAL#1,Mo.SSClop6Cp.LPS.d3.BAL.1,Mo.SSClop6Cp.LPS.d3.BAL,Monocyte,Lung,"SSClo	 F4/80+	 CD11b+	 Ly6C+",Jakubzick,none,000008530769_G02,G02,Sophie Gibbings,29,18023839,11860028,65.8,11700,20399,63.56960422,68.03240401,18.4944063
Mo.Ly6C+LPSd3.BAL#2,Mo.SSClop6Cp.LPS.d3.BAL.2,Mo.SSClop6Cp.LPS.d3.BAL,Monocyte,Lung,"SSClo	 F4/80+	 CD11b+	 Ly6C+",Jakubzick,none,000008530769_H02,H02,Sophie Gibbings,29,13529084,8954232,66.19,11072,19553,61.73260247,66.26816618,19.33408969
MF.CCR2+.Hrt#2,MF.CCR2p64p6ClonGFPp.Ht.2,MF.CCR2p64p6ClonGFPp.Ht,Macrophage,Heart,CD45+CD64+Ly6CLMHCII+GFP+,Lavine,none,000008530569_B01,B01,Geetika Bajpai,28,22965641,13431088,58.48,13925,25313,64.6893936,69.34289636,18.24857091
MF.CCR2+.Hrt#3,MF.CCR2p64p6ClonGFPp.Ht.3,MF.CCR2p64p6ClonGFPp.Ht,Macrophage,Heart,CD45+CD64+Ly6CLMHCII+GFP+,Lavine,none,000008530569_A05,A05,Geetika Bajpai,28,11493476,7567071,65.84,13046,28970,55.27042718,57.93585224,19.41290059
MF.CCR2+.HrtinjD2#1,MF.CCR2p64p6ClonGFPp.inj.d2.Ht.1,MF.CCR2p64p6ClonGFPp.inj.d2.Ht,Macrophage,Heart,CD45+CD64+Ly6CLMHCII+GFP+,Lavine,none,000008530569_A02,A02,Geetika Bajpai,28,11318376,7323456,64.7,11035,18960,60.18244517,64.80950746,20.17298753
MF.CCR2+.HrtinjD2#2,MF.CCR2p64p6ClonGFPp.inj.d2.Ht.2,MF.CCR2p64p6ClonGFPp.inj.d2.Ht,Macrophage,Heart,CD45+CD64+Ly6CLMHCII+GFP+,Lavine,none,000008530569_B02,B02,Geetika Bajpai,28,18393814,12552436,68.24,12553,22358,63.33159754,67.5688994,18.76671228
MF.CCR2+.HrtinjD2#3,MF.CCR2p64p6ClonGFPp.inj.d2.Ht.3,MF.CCR2p64p6ClonGFPp.inj.d2.Ht,Macrophage,Heart,CD45+CD64+Ly6CLMHCII+GFP+,Lavine,none,000008530569_C02,C02,Geetika Bajpai,28,13278904,8976564,67.6,11715,21446,61.57605037,66.21399846,19.35547933
MF.CCR2+.HrtinjD2#4,MF.CCR2p64p6ClonGFPp.inj.d2.Ht.4,MF.CCR2p64p6ClonGFPp.inj.d2.Ht,Macrophage,Heart,CD45+CD64+Ly6CLMHCII+GFP+,Lavine,none,000008530569_D02,D02,Geetika Bajpai,28,12265279,8289200,67.58,11540,21052,61.68979549,65.84464005,18.97849809
MF.CCR2+.HrtinjD4#1,MF.CCR2p64p6ClonGFPp.inj.d4.Ht.1,MF.CCR2p64p6ClonGFPp.inj.d4.Ht,Macrophage,Heart,CD45+CD64+Ly6CLMHCII+GFP+,Lavine,none,000008530569_G03,G03,Geetika Bajpai,28,18236187,12302025,67.46,12515,26542,63.17725047,67.45019002,18.64473452
MF.CCR2+.HrtinjD4#2,MF.CCR2p64p6ClonGFPp.inj.d4.Ht.2,MF.CCR2p64p6ClonGFPp.inj.d4.Ht,Macrophage,Heart,CD45+CD64+Ly6CLMHCII+GFP+,Lavine,none,000008530569_H03,H03,Geetika Bajpai,28,14272182,9540823,66.85,11408,22773,61.78915984,66.14221965,19.3316043
MF.CCR2+.HrtinjD4#3,MF.CCR2p64p6ClonGFPp.inj.d4.Ht.3,MF.CCR2p64p6ClonGFPp.inj.d4.Ht,Macrophage,Heart,CD45+CD64+Ly6CLMHCII+GFP+,Lavine,none,000008530569_B05,B05,Geetika Bajpai,28,17206255,11635706,67.62,11649,21118,63.72304571,68.80086049,18.9989178
MF.CCR2-Flt3-.Hrt#1,MF.CCR2nFlt3n64p6ClonGFPntdTomaton.Ht.1,MF.CCR2nFlt3n64p6ClonGFPntdTomaton.Ht,Macrophage,Heart,CD45+CD64+Ly6CLGFP-tdTomato-,Lavine,none,000008530569_C01,C01,Geetika Bajpai,28,18891485,12262811,64.91,15314,29082,60.46267209,63.72340381,17.73621594
MF.CCR2-Flt3-.Hrt#2,MF.CCR2nFlt3n64p6ClonGFPntdTomaton.Ht.2,MF.CCR2nFlt3n64p6ClonGFPntdTomaton.Ht,Macrophage,Heart,CD45+CD64+Ly6CLGFP-tdTomato-,Lavine,none,000008530569_D01,D01,Geetika Bajpai,28,12771710,8266828,64.73,13249,25800,58.60271887,61.69122697,18.80985397
MF.CCR2-Flt3-.Hrt#3,MF.CCR2nFlt3n64p6ClonGFPntdTomaton.Ht.3,MF.CCR2nFlt3n64p6ClonGFPntdTomaton.Ht,Macrophage,Heart,CD45+CD64+Ly6CLGFP-tdTomato-,Lavine,none,000008530569_E04,E04,Geetika Bajpai,28,11901710,7830008,65.79,12634,22192,59.16252712,62.88571733,18.8371905
MF.CCR2-Flt3-.Hrt#4,MF.CCR2nFlt3n64p6ClonGFPntdTomaton.Ht.4,MF.CCR2nFlt3n64p6ClonGFPntdTomaton.Ht,Macrophage,Heart,CD45+CD64+Ly6CLGFP-tdTomato-,Lavine,none,000008530569_F04,F04,Geetika Bajpai,28,12699750,8657025,68.17,12771,21392,61.61782031,65.46483638,18.03817969
MF.CCR2-Flt3-.HrtinjD2#1,MF.CCR2nFlt3n64p6ClonGFPntdTomaton.inj.d2.Ht.1,MF.CCR2nFlt3n64p6ClonGFPntdTomaton.inj.d2.Ht,Macrophage,Heart,CD45+CD64+Ly6CLGFP-tdTomato-,Lavine,none,000008530569_E02,E02,Geetika Bajpai,28,16996070,11658169,68.59,13799,22378,64.61098266,68.81575184,17.37516001
MF.CCR2-Flt3-.HrtinjD2#2,MF.CCR2nFlt3n64p6ClonGFPntdTomaton.inj.d2.Ht.2,MF.CCR2nFlt3n64p6ClonGFPntdTomaton.inj.d2.Ht,Macrophage,Heart,CD45+CD64+Ly6CLGFP-tdTomato-,Lavine,none,000008530569_F02,F02,Geetika Bajpai,28,18384391,12788837,69.56,13616,21548,66.78439862,71.18430023,17.27854649
MF.CCR2-Flt3-.HrtinjD2#3,MF.CCR2nFlt3n64p6ClonGFPntdTomaton.inj.d2.Ht.3,MF.CCR2nFlt3n64p6ClonGFPntdTomaton.inj.d2.Ht,Macrophage,Heart,CD45+CD64+Ly6CLGFP-tdTomato-,Lavine,none,000008530569_G02,G02,Geetika Bajpai,28,19049784,12975543,68.11,13874,23630,65.96921816,70.22782679,17.20760922
MF.CCR2-Flt3-.HrtinjD2#4,MF.CCR2nFlt3n64p6ClonGFPntdTomaton.inj.d2.Ht.4,MF.CCR2nFlt3n64p6ClonGFPntdTomaton.inj.d2.Ht,Macrophage,Heart,CD45+CD64+Ly6CLGFP-tdTomato-,Lavine,none,000008530569_H02,H02,Geetika Bajpai,28,16943229,11447893,67.57,13361,22007,65.06990287,69.22700598,17.45547649
MF.CCR2-Flt3+.Hrt#1,MF.CCR2nFlt3n64p6ClonGFPntdTomatop.Ht.1,MF.CCR2nFlt3n64p6ClonGFPntdTomatop.Ht,Macrophage,Heart,CD45+CD64+Ly6CLGFP-tdTomato+,Lavine,none,000008530569_E01,E01,Geetika Bajpai,28,19020540,12638192,66.44,14615,25864,62.62870582,66.3297043,17.27868722
MF.CCR2-Flt3+.Hrt#2,MF.CCR2nFlt3n64p6ClonGFPntdTomatop.Ht.2,MF.CCR2nFlt3n64p6ClonGFPntdTomatop.Ht,Macrophage,Heart,CD45+CD64+Ly6CLGFP-tdTomato+,Lavine,none,000008530569_F01,F01,Geetika Bajpai,28,20069002,13219365,65.87,14916,28326,61.89181106,65.58665103,17.52659968
MF.PC#1,MF.PC.07,MF.PC,Macrophage,Peritoneal Cavity,F4/80+ ICAM2+,Lavine,none,000008530569_C04,C04,Geetika Bajpai,28,13489190,9191792,68.14,11645,18866,64.84125982,69.72636763,18.28054269
MF.PC#2,MF.PC.08,MF.PC,Macrophage,Peritoneal Cavity,F4/80+ ICAM2+,Lavine,none,000008530569_D04,D04,Geetika Bajpai,28,5949019,4003582,67.3,10189,16088,57.44255159,60.76056254,20.11256251
MF.PC#3,MF.PC.19,MF.PC,Macrophage,Peritoneal,F4/80+ICAM2+,Lavine,none,000008530569_G04,G04,Geetika Bajpai,28,2121821,1395292,65.76,8216,13711,44.55426612,45.01159141,21.29042039
MF.PC#4,MF.PC.20,MF.PC,Macrophage,Peritoneal,F4/80+ICAM2+,Lavine,none,000008530569_H04,H04,Geetika Bajpai,28,13288109,9158372,68.92,11665,18409,63.53494465,68.09640069,18.9623435
Mo.Ly6CH.HrtinjD2#1,Mo.64p6ChinGFPp.inj.d2.Ht.1,Mo.64p6ChinGFPp.inj.d2.Ht,Monocyte,Heart,CD45+CD64+Ly6CHGFP+,Lavine,none,000008530569_C03,C03,Geetika Bajpai,28,14087487,9632359,68.38,11388,19724,61.42424877,66.05123165,19.6257074
Mo.Ly6CH.HrtinjD2#2,Mo.64p6ChinGFPp.inj.d2.Ht.2,Mo.64p6ChinGFPp.inj.d2.Ht,Monocyte,Heart,CD45+CD64+Ly6CHGFP+,Lavine,none,000008530569_D03,D03,Geetika Bajpai,28,6893327,4505838,65.37,9755,20659,52.94824532,56.02707627,21.18380035
Mo.Ly6CH.HrtinjD2#3,Mo.64p6ChinGFPp.inj.d2.Ht.3,Mo.64p6ChinGFPp.inj.d2.Ht,Monocyte,Heart,CD45+CD64+Ly6CHGFP+,Lavine,none,000008530569_E03,E03,Geetika Bajpai,28,14468389,9507125,65.71,11318,20735,58.04141489,62.05947416,19.89180883
Mo.Ly6CH.HrtinjD2#4,Mo.64p6ChinGFPp.inj.d2.Ht.4,Mo.64p6ChinGFPp.inj.d2.Ht,Monocyte,Heart,CD45+CD64+Ly6CHGFP+,Lavine,none,000008530569_F03,F03,Geetika Bajpai,28,14218445,9321528,65.56,11161,18781,61.21683827,65.49811055,19.62379423
Mo.Ly6CH.HrtinjD4#1,Mo.64p6ChinGFPp.inj.d4.Ht.1,Mo.64p6ChinGFPp.inj.d4.Ht,Monocyte,Heart,CD45+CD64+Ly6CHGFP+,Lavine,none,000008530569_A04,A04,Geetika Bajpai,28,9903884,6705556,67.71,10144,17214,57.70530083,62.11422807,21.14364652
Mo.Ly6CH.HrtinjD4#2,Mo.64p6ChinGFPp.inj.d4.Ht.2,Mo.64p6ChinGFPp.inj.d4.Ht,Monocyte,Heart,CD45+CD64+Ly6CHGFP+,Lavine,none,000008530569_B04,B04,Geetika Bajpai,28,17217292,11638601,67.6,11568,21117,62.44092377,67.17033668,19.81433595
Mo.Ly6CH.HrtinjD4#3,Mo.64p6ChinGFPp.inj.d4.Ht.3,Mo.64p6ChinGFPp.inj.d4.Ht,Macrophage,Heart,CD45+CD64+Ly6CHGFP+,Lavine,none,000008530569_D05,D05,Geetika Bajpai,28,7727936,4955255,64.12,9746,20378,53.54925687,56.88791539,20.98231581
Mo.Ly6CH.HrtinjD4#4,Mo.64p6ChinGFPp.inj.d4.Ht.4,Mo.64p6ChinGFPp.inj.d4.Ht,Macrophage,Heart,CD45+CD64+Ly6CHGFP+,Lavine,none,000008530569_E05,E05,Geetika Bajpai,28,12877797,8589020,66.7,10930,20964,58.95666293,63.5777304,20.12163666
MF.45+11blo64+169+CII+F4/80+.Lv#5,MF.11blop64p169p.Calb.48h.Lv.1,MF.11blop64p169p.Calb.48h.Lv,Macrophage,Liver,CD45+ CD11blo CD64+ CD169+ MHCII+ F4/80+,Lionakis,none,000008530769_C08,C08,Jigar Desai,29,13324676,8699700,65.29,12350,21524,62.05157576,65.88485117,18.12376844
MF.45+11blo64+169+CII+F4/80+.Lv#6,MF.11blop64p169p.Calb.48h.Lv.2,MF.11blop64p169p.Calb.48h.Lv,Macrophage,Liver,CD45+ CD11blo CD64+ CD169+ MHCII+ F4/80+,Lionakis,none,000008530769_D08,D08,Jigar Desai,29,6039964,3816379,63.19,10390,18598,52.44900389,55.14959466,20.24345173
MF.45+11blo64+169+CII+F4/80+.Lv#3,MF.11blop64p169p.Calb.8h.Lv.1,MF.11blop64p169p.Calb.8h.Lv,Macrophage,Liver,CD45+ CD11blo CD64+ CD169+ MHCII+ F4/80+,Lionakis,none,000008530769_A08,A08,Jigar Desai,29,10204949,6457770,63.28,12507,23931,58.38318518,61.60759415,18.88729498
MF.45+11blo64+169+CII+F4/80+.Lv#4,MF.11blop64p169p.Calb.8h.Lv.2,MF.11blop64p169p.Calb.8h.Lv,Macrophage,Liver,CD45+ CD11blo CD64+ CD169+ MHCII+ F4/80+,Lionakis,none,000008530769_B08,B08,Jigar Desai,29,10150615,6372453,62.78,12020,24582,56.05164977,59.33889259,19.20651349
MF.45+11blo64+169+CII+F4/80+.Lv#1,MF.11blop64p169p.Lv.1,MF.11blop64p169p.Lv,Macrophage,Liver,CD45+ CD11blo CD64+ CD169+ MHCII+ F4/80+,Lionakis,none,000008530769_G07,G07,Jigar Desai,29,15071096,9217489,61.16,12695,22030,60.43126546,64.21062928,18.22663389
MF.45+11blo64+169+CII+F4/80+.Lv#2,MF.11blop64p169p.Lv.2,MF.11blop64p169p.Lv,Macrophage,Liver,CD45+ CD11blo CD64+ CD169+ MHCII+ F4/80+,Lionakis,none,000008530769_H07,H07,Jigar Desai,29,11838775,7601815,64.21,12538,23427,59.31572642,62.17332322,18.21286048
MF.CD45lo11b.CNS#5,MF.45lo.Calb.48h.CNS.1,MF.45lo.Calb.48h.CNS,Macrophage,Brain,CD45lo CD11b+,Lionakis,none,000008530769_E07,E07,Jigar Desai,29,13356134,8855708,66.3,11969,21764,59.90485436,62.98017681,18.13208787
MF.CD45lo11b.CNS#6,MF.45lo.Calb.48h.CNS.2,MF.45lo.Calb.48h.CNS,Macrophage,Brain,CD45lo CD11b+,Lionakis,none,000008530769_F07,F07,Jigar Desai,29,13145866,8752335,66.58,12030,22280,60.15196509,63.66304502,18.48800989
MF.CD45lo11b.CNS#3,MF.45lo.Calb.8h.CNS.1,MF.45lo.Calb.8h.CNS,Macrophage,Brain,CD45lo CD11b+,Lionakis,none,000008530769_C07,C07,Jigar Desai,29,13304696,8716514,65.51,12031,22314,58.86110913,62.0392924,18.20900356
MF.CD45lo11b.CNS#4,MF.45lo.Calb.8h.CNS.2,MF.45lo.Calb.8h.CNS,Macrophage,Brain,CD45lo CD11b+,Lionakis,none,000008530769_D07,D07,Jigar Desai,29,7887905,5122312,64.94,10716,20301,54.52951802,57.40687481,19.23366548
MF.CD45lo11b.CNS#1,MF.45lo.CNS.1,MF.45lo.CNS,Macrophage,Brain,CD45lo CD11b+,Lionakis,none,000008530769_A07,A07,Jigar Desai,29,11333950,7321180,64.6,11520,21371,57.67979979,60.48523942,18.57597936
MF.CD45lo11b.CNS#2,MF.45lo.CNS.2,MF.45lo.CNS,Macrophage,Brain,CD45lo CD11b+,Lionakis,none,000008530769_B07,B07,Jigar Desai,29,16035489,10024842,62.52,12199,21184,60.50444132,63.70993057,18.03697999
MF.CD45+11b+MHCII+F4/80hi.Kd#5,MF.6Gn480hi.Calb.48h.Kd.1,MF.6Gn480hi.Calb.48h.Kd,Macrophage,Kidney,CD45+ CD11b+ MHCII+ F4/80hi Lin- Ly6G-,Lionakis,none,000008530769_G06,G06,Jigar Desai,29,13492320,8831796,65.46,11424,20885,61.33391903,65.7241901,19.04094159
MF.CD45+11b+MHCII+F4/80hi.Kd#6,MF.6Gn480hi.Calb.48h.Kd.2,MF.6Gn480hi.Calb.48h.Kd,Macrophage,Kidney,CD45+ CD11b+ MHCII+ F4/80hi Lin- Ly6G-,Lionakis,none,000008530769_H06,H06,Jigar Desai,29,10575230,6767731,64,10419,18626,55.88663971,59.62192821,20.80658723
MF.CD45+11b+MHCII+F4/80hi.Kd#3,MF.6Gn480hi.Calb.8h.Kd.1,MF.6Gn480hi.Calb.8h.Kd,Macrophage,Kidney,CD45+ CD11b+ MHCII+ F4/80hi Lin- Ly6G-,Lionakis,none,000008530769_E06,E06,Jigar Desai,29,12269507,7804569,63.61,11814,23361,58.6386869,62.70247438,18.90984631
MF.CD45+11b+MHCII+F4/80hi.Kd#4,MF.6Gn480hi.Calb.8h.Kd.2,MF.6Gn480hi.Calb.8h.Kd,Macrophage,Kidney,CD45+ CD11b+ MHCII+ F4/80hi Lin- Ly6G-,Lionakis,none,000008530769_F06,F06,Jigar Desai,29,11291962,7229942,64.03,11574,20692,57.065545,60.35920775,19.32995569
MF.CD45+11b+MHCII+F4/80hi.Kd#1,MF.6Gn480hi.Kd.1,MF.6Gn480hi.Kd,Macrophage,Kidney,CD45+ CD11b+ MHCII+ F4/80hi Lin- Ly6G-,Lionakis,none,000008530769_C06,C06,Jigar Desai,29,13513354,8992842,66.55,11649,19211,59.95223661,63.90735628,18.39684348
MF.CD45+11b+MHCII+F4/80hi.Kd#2,MF.6Gn480hi.Kd.2,MF.6Gn480hi.Kd,Macrophage,Kidney,CD45+ CD11b+ MHCII+ F4/80hi Lin- Ly6G-,Lionakis,none,000008530769_D06,D06,Jigar Desai,29,8263670,4789175,57.95,10504,19230,52.7152303,54.97642685,19.55000572
MF.ICAM2+F4/80+.PC#1,MF.PC.01,MF.PC,Macrophage,Peritoneal Cavity,ICAM2+ F4/80+,Lionakis,none,000008530769_C09,C09,Jigar Desai,29,10136400,6372344,62.87,10421,18603,54.89222671,58.0887657,20.29177591
MF.ICAM2+F4/80+.PC#2,MF.PC.02,MF.PC,Macrophage,Peritoneal Cavity,ICAM2+ F4/80+,Lionakis,none,000008530769_D09,D09,Jigar Desai,29,7819760,4736983,60.58,9850,17538,53.222679,55.80771352,20.54178845
DC.103+.Lu#4,DC.103p11bnsiglecFn.Lu.4,DC.103p11bnsiglecFn.Lu,Dendritic Cell,Lung,CD45+ lin- PI- SiglecF- MHCII+ CD11c+ CD24+ CD103+ CD11b-,Merad,none,000008555669_F05,F05,Barbara Maier,43,12306340,7699902,62.57,11285,22133,51.37642821,53.32145399,19.94829945
DC.103+.Lu#5,DC.103p11bnsiglecFn.Lu.5,DC.103p11bnsiglecFn.Lu,Dendritic Cell,Lung,CD45+ lin- PI- SiglecF- MHCII+ CD11c+ CD24+ CD103+ CD11b-,Merad,none,000008555669_G05,G05,Barbara Maier,43,13386914,9138902,68.27,11754,19699,57.85656858,60.9661047,19.00714353
DC.103+.Lu#6,DC.103p11bnsiglecFn.Lu.6,DC.103p11bnsiglecFn.Lu,Dendritic Cell,Lung,CD45+ lin- PI- SiglecF- MHCII+ CD11c+ CD24+ CD103+ CD11b-,Merad,none,000008555669_H05,H05,Barbara Maier,43,17055394,12106601,70.98,12307,20502,61.8513135,65.88126382,18.50618096
DC.11b+.Lu#4,DC.103n11bpsiglecFn.Lu.4,DC.103n11bpsiglecFn.Lu,Dendritic Cell,Lung,CD45+ lin- PI- SiglecF- MHCII+ CD11c+ CD24+ CD103- CD11b+,Merad,none,000008555669_A06,A06,Barbara Maier,43,11696566,7173736,61.33,11289,22449,51.9554343,54.2298537,19.76851697
DC.11b+.Lu#5,DC.103n11bpsiglecFn.Lu.5,DC.103n11bpsiglecFn.Lu,Dendritic Cell,Lung,CD45+ lin- PI- SiglecF- MHCII+ CD11c+ CD24+ CD103- CD11b+,Merad,none,000008555669_B06,B06,Barbara Maier,43,16663551,11239030,67.45,12541,21162,60.28937438,63.44442993,18.41204528
DC.11b+.Lu#6,DC.103n11bpsiglecFn.Lu.6,DC.103n11bpsiglecFn.Lu,Dendritic Cell,Lung,CD45+ lin- PI- SiglecF- MHCII+ CD11c+ CD24+ CD103- CD11b+,Merad,none,000008555669_C06,C06,Barbara Maier,43,14305374,9199021,64.3,11738,22651,54.49466113,56.31766013,19.98727684
DC.8+.Sp#1,DC.8p4n.Sp.1,DC.8p4n.Sp,Dendritic Cell,Spleen,CD45+ MHCII+ CD11c+ CD8+ CD4-,Merad,none,SSF1856_F07,F07,Barbara Maier,21,14749958,13163980,90.3,12304,19326,64.43030975,68.72748465,17.36514199
DC.8+.Sp#2,DC.8p4n.Sp.2,DC.8p4n.Sp,Dendritic Cell,Spleen,CD45+ MHCII+ CD11c+ CD8+ CD4-,Merad,none,SSF1857_F07,F07,Barbara Maier,21,14912052,11570508,89.7,12011,22145,61.876608,65.75699594,18.33616407
DC.8+.Sp#3,DC.8p4n.Sp.3,DC.8p4n.Sp,Dendritic Cell,Spleen,CD45+ MHCII+ CD11c+ CD8+ CD4-,Merad,none,SSF1857_C12,C12,Barbara Maier,21,6709863,5098480,88.6,10068,18018,46.45214451,46.41765347,21.96852427
DC.mig.103+.LuLN#1,DC.mig.103p.LuLN.1,DC.mig.103p.LuLN,Dendritic Cell,Mediastinal LN,CD45+ lin- PI- MHCIIhi CD11c+ CD103+ CD11b-,Merad,none,000008555669_D06,D06,Barbara Maier,43,8376149,5285195,63.1,10605,22156,49.29859268,50.3026926,20.57160919
DC.mig.103+.LuLN#2,DC.mig.103p.LuLN.2,DC.mig.103p.LuLN,Dendritic Cell,Mediastinal LN,CD45+ lin- PI- MHCIIhi CD11c+ CD103+ CD11b-,Merad,none,000008555669_E06,E06,Barbara Maier,43,12917186,7698295,59.6,11137,23369,51.21079664,52.73656218,20.63100109
DC.mig.103+.LuLN#3,DC.mig.103p.LuLN.3,DC.mig.103p.LuLN,Dendritic Cell,Mediastinal LN,CD45+ lin- PI- MHCIIhi CD11c+ CD103+ CD11b-,Merad,none,000008555669_F06,F06,Barbara Maier,43,11188574,7008442,62.64,10393,18978,48.58145743,49.43126021,21.3231091
DC.mig.11b+.LuLN#1,DC.mig.11bp.LuLN.1,DC.mig.11bp.LuLN,Dendritic Cell,Mediastinal LN,CD45+ lin- PI- MHCIIhi CD11c+ CD103- CD11b+,Merad,none,000008555669_G06,G06,Barbara Maier,43,12705821,7610572,59.9,11533,23470,49.43284251,50.28467333,21.00419293
DC.mig.11b+.LuLN#2,DC.mig.11bp.LuLN.2,DC.mig.11bp.LuLN,Dendritic Cell,Mediastinal LN,CD45+ lin- PI- MHCIIhi CD11c+ CD103- CD11b+,Merad,none,000008555669_H06,H06,Barbara Maier,43,12240800,7649626,62.49,11644,20747,51.32384345,52.33097229,20.879288
DC.res.CD8+.LuLN#1,DC.res.11bp.LuLN.1,DC.res.11bp.LuLN,Dendritic Cell,Mediastinal LN,CD45+ lin- PI- MHCII+ CD11chi CD8- CD11b+,Merad,none,000008555669_A07,A07,Barbara Maier,43,16607714,10967874,66.04,12256,21511,59.76661105,63.21798163,19.29511782
DC.res.CD8+.LuLN#2,DC.res.11bp.LuLN.2,DC.res.11bp.LuLN,Dendritic Cell,Mediastinal LN,CD45+ lin- PI- MHCII+ CD11chi CD8- CD11b+,Merad,none,000008555669_B07,B07,Barbara Maier,43,17841373,11660614,65.36,12449,22285,60.11045116,63.32045553,18.83532167
DC.res.CD8+.LuLN#3,DC.res.11bp.LuLN.3,DC.res.11bp.LuLN,Dendritic Cell,Mediastinal LN,CD45+ lin- PI- MHCII+ CD11chi CD8- CD11b+,Merad,none,000008555669_C07,C07,Barbara Maier,43,18389961,11978446,65.14,12376,22637,60.17583838,63.52702199,18.81062499
DC.res.11b+.LuLN#1,DC.res.8p.LuLN.1,DC.res.8p.LuLN,Dendritic Cell,Mediastinal LN,CD45+ lin- PI- MHCII+ CD11chi CD8+ CD11b-,Merad,none,000008555669_D07,D07,Barbara Maier,43,11642152,7520826,64.6,10976,18453,56.74057812,59.46683509,19.80302511
DC.res.11b+.LuLN#2,DC.res.8p.LuLN.2,DC.res.8p.LuLN,Dendritic Cell,Mediastinal LN,CD45+ lin- PI- MHCII+ CD11chi CD8+ CD11b-,Merad,none,000008555669_E07,E07,Barbara Maier,43,13083359,8541068,65.28,11789,20620,56.4302141,59.65360509,19.78653227
DC.res.11b+.LuLN#3,DC.res.8p.LuLN.3,DC.res.8p.LuLN,Dendritic Cell,Mediastinal LN,CD45+ lin- PI- MHCII+ CD11chi CD8+ CD11b-,Merad,none,000008555669_F07,F07,Barbara Maier,43,13381272,8361321,62.49,11533,20289,50.97652603,51.91731143,20.99460058
MF.Alv.Lu#1,MF.alv.6GnSigFp11cp.Lu.1,MF.alv.6GnSigFp11cp.Lu,Macrophage,Lung,CD45+ Ly6G- SiglecF+ CD11c+,Merad,none,SSF1856_D07,D07,Barbara Maier,21,10116016,6645039,89.7,10445,17436,59.00884598,62.42812742,18.96217245
MF.Alv.Lu#2,MF.alv.6GnSigFp11cp.Lu.2,MF.alv.6GnSigFp11cp.Lu,Macrophage,Lung,CD45+ Ly6G- SiglecF+ CD11c+,Merad,none,SSF1857_D07,D07,Barbara Maier,21,7515723,4241052,88.5,9760,17044,53.49396499,56.3387558,19.95837053
MF.cerebel.microglia.CNS#1,MF.microglia.cerebel.CNS.1,MF.microglia.cerebel.CNS,Macrophage,Brain,CD45lo CD11b+,Merad,none,SSF-2004_F12,F12,Barbara Maier,22,8342331,6169224,73.95,11466,20041,58.10646951,61.28456094,18.90360185
MF.cerebel.microglia.CNS#2,MF.microglia.cerebel.CNS.2,MF.microglia.cerebel.CNS,Macrophage,Brain,CD45lo CD11b+,Merad,none,SSF-2004_G12,G12,Barbara Maier,22,7207181,5483150,76.08,11205,18365,57.28836728,60.41845839,18.97349656
MF.cerebr.cx.microglia.CNS#1,MF.microglia.cerebr.CNS.1,MF.microglia.cerebr.CNS,Macrophage,Brain,CD45lo CD11b+,Merad,none,SSF-2004_C12,C12,Barbara Maier,22,7233614,5500401,76.04,10899,19195,58.16922481,61.86330669,18.80451189
MF.cerebr.cx.microglia.CNS#2,MF.microglia.cerebr.CNS.2,MF.microglia.cerebr.CNS,Macrophage,Brain,CD45lo CD11b+,Merad,none,SSF-2004_D12,D12,Barbara Maier,22,4629380,3449921,74.52,9992,17575,52.60131007,54.77582846,19.47896072
MF.cerebr.cx.microglia.CNS#3,MF.microglia.cerebr.CNS.3,MF.microglia.cerebr.CNS,Macrophage,Brain,CD45lo CD11b+,Merad,none,SSF-2004_E12,E12,Barbara Maier,22,6622462,4956817,74.85,10696,19113,57.12323779,60.67633989,18.99349242
MF.pIC.Alv.Lu#2,MF.pIC.alv.siglecFp.Lu.2,MF.pIC.alv.siglecFp.Lu,Macrophage,Lung,CD45+ SiglecF+ CD11c+,Merad,NA,SSF1857_E07,E07,Barbara Maier,21,6220150,3919250,91.2,9268,15500,50.23218941,52.05762569,20.90637822
MG.cerebel#1,MG.cerebel.1,MG.cerebel,Microglia,Brain,lin- PI- CD45int CD11b+,Merad,none,000008555669_G07,G07,Barbara Maier,43,14394586,9318338,64.74,12504,24298,54.83745111,56.67063933,19.20013419
MG.cerebel#2,MG.cerebel.2,MG.cerebel,Microglia,Brain,lin- PI- CD45int CD11b+,Merad,none,000008555669_H07,H07,Barbara Maier,43,16251054,11363375,69.92,13040,25447,58.9926408,61.70939004,18.44979468
MG.cerebel#3,MG.cerebel.3,MG.cerebel,Microglia,Brain,lin- PI- CD45int CD11b+,Merad,none,000008555669_A08,A08,Barbara Maier,43,16899980,12121942,71.73,13380,25570,61.30175889,64.66623805,17.50903113
MG.cortex#1,MG.cortex.1,MG.cortex,Microglia,Brain,lin- PI- CD45int CD11b+,Merad,none,000008555669_E08,E08,Barbara Maier,43,13225710,8909808,67.37,12081,23645,56.49381991,58.54851333,18.35742007
MG.cortex#2,MG.cortex.2,MG.cortex,Microglia,Brain,lin- PI- CD45int CD11b+,Merad,none,000008555669_F08,F08,Barbara Maier,43,17521360,12527291,71.5,12885,23584,62.59414503,65.81717777,16.98043598
MG.cortex#3,MG.cortex.3,MG.cortex,Microglia,Brain,lin- PI- CD45int CD11b+,Merad,none,000008555669_G08,G08,Barbara Maier,43,21328407,15271692,71.6,13446,24842,63.94935785,67.42485914,16.92434921
MG.hippo#1,MG.hippo.1,MG.hippo,Microglia,Brain,lin- PI- CD45int CD11b+,Merad,none,000008555669_B08,B08,Barbara Maier,43,14755433,10474396,70.99,12544,25008,60.0108706,62.88199229,17.7342313
MG.hippo#2,MG.hippo.2,MG.hippo,Microglia,Brain,lin- PI- CD45int CD11b+,Merad,none,000008555669_C08,C08,Barbara Maier,43,17003286,11675467,68.67,12949,25617,61.78924449,64.73055777,17.14619174
MG.hippo#3,MG.hippo.3,MG.hippo,Microglia,Brain,lin- PI- CD45int CD11b+,Merad,none,000008555669_D08,D08,Barbara Maier,43,7279395,4878967,67.02,10519,22370,50.02295748,51.41701349,19.51260007
Mo.Ly6C-.Bl#1,Mo.6Cn.Bl.3,Mo.6Cn.Bl,Monocyte,Blood,CD45+ CD3- B220- CD11b+ Ly6C- Cx3cr1+,Merad,NA,000008508669_F03,F03,Barbara Maier,24,15684673,11245751,71.7,12294,27400,62.51683852,66.54163807,18.69859892
Mo.Ly6C-.Lu#1,Mo.6Cn.Lu.1,Mo.6Cn.Lu,Monocyte,Lung,CD45+ Ly6G- SiglecF- F4/80+ Ly6C- CD11b+ Cx3cr1+,Merad,NA,000008508669_E02,E02,Barbara Maier,24,13564308,9759419,71.95,12317,26915,62.74441609,66.93751421,18.10759928
Mo.Ly6C-.Lu#2,Mo.6Cn.Lu.2,Mo.6Cn.Lu,Monocyte,Lung,CD45+ Ly6G- SiglecF- F4/80+ Ly6C- CD11b+ Cx3cr1+,Merad,NA,000008508669_F02,F02,Barbara Maier,24,16615395,9206754,55.41,12717,30180,59.89207453,63.91846408,18.40330106
Mo.Ly6C-.Lu#3,Mo.6Cn.Lu.3,Mo.6Cn.Lu,Monocyte,Lung,CD45+ Ly6G- SiglecF- F4/80+ Ly6C- CD11b+ Cx3cr1+,Merad,NA,000008508669_G02,G02,Barbara Maier,24,15958399,9631626,60.35,12790,29628,60.48980604,64.21469668,18.40197888
Mo.Ly6C+.Bl#1,Mo.6Cp.Bl.3,Mo.6Cp.Bl,Monocyte,Blood,CD45+ CD3- B220- CD11b+ Ly6C+,Merad,NA,000008508669_C03,C03,Barbara Maier,24,16460780,11688301,71.01,12721,29002,65.34656655,69.54860944,17.31635174
Mo.Ly6C+.Bl#2,Mo.6Cp.Bl.4,Mo.6Cp.Bl,Monocyte,Blood,CD45+ CD3- B220- CD11b+ Ly6C+,Merad,NA,000008508669_D03,D03,Barbara Maier,24,11112643,6237177,56.13,10962,28204,56.18563715,59.39540268,19.69642037
Mo.Ly6C+.Bl#3,Mo.6Cp.Bl.5,Mo.6Cp.Bl,Monocyte,Blood,CD45+ CD3- B220- CD11b+ Ly6C+,Merad,NA,000008508669_E03,E03,Barbara Maier,24,13956440,9810354,70.29,11776,25302,63.39258978,67.24441327,18.3113216
Mo.Ly6C+.Lu#1,Mo.6Cp.Lu.1,Mo.6Cp.Lu,Monocyte,Lung,CD45+ Ly6G- SiglecF- F4/80+ Ly6C+ CD11b+,Merad,NA,000008508669_B02,B02,Barbara Maier,24,15767897,9674200,61.35,11934,27061,62.29898835,66.60175634,18.60930435
Mo.Ly6C+.Lu#2,Mo.6Cp.Lu.2,Mo.6Cp.Lu,Monocyte,Lung,CD45+ Ly6G- SiglecF- F4/80+ Ly6C+ CD11b+,Merad,NA,000008508669_C02,C02,Barbara Maier,24,14919698,10603695,71.07,12379,27342,64.25483149,68.42735812,17.73324613
Mo.Ly6C+.Lu#3,Mo.6Cp.Lu.3,Mo.6Cp.Lu,Monocyte,Lung,CD45+ Ly6G- SiglecF- F4/80+ Ly6C+ CD11b+,Merad,NA,000008508669_D02,D02,Barbara Maier,24,10732163,6531831,60.86,10656,24273,59.31912784,62.79939877,18.98248706
DC.CD8a+.MLN#3,DC.8ap.MLN.1,DC.8ap.MLN,Dendritic Cell,Lymph Node (Mesenteric),PI- (CD3/CD19/NK1.1/Ly6G)- CD11c+ MHC+ CD8a+,Paidassi,7 mice pooled for this sample,000008530569_H05,H05,Helena Paidassi,28,13028935,8162325,62.65,12330,24478,59.15455077,62.49473159,18.82748282
DC.CD8a+.MLN#4,DC.8ap.MLN.2,DC.8ap.MLN,Dendritic Cell,Lymph Node (Mesenteric),PI- (CD3/CD19/NK1.1/Ly6G)- CD11c+ MHC+ CD8a+,Paidassi,8 mice pooled for this sample,000008530569_A06,A06,Helena Paidassi,28,14785979,9235771,62.46,12043,20649,61.85514098,64.93087551,17.66017612
DC.CD8a+.MLN#5,DC.8ap.MLN.3,DC.8ap.MLN,Dendritic Cell,Lymph Node (Mesenteric),PI- (CD3/CD19/NK1.1/Ly6G)- CD11c+ MHC+ CD8a+,Paidassi,8 mice pooled for this sample,000008550869_G03,G03,Helena Paidassi,42,13063420,9266124,70.93,11013,17204,63.59528277,68.38866234,19.77325173
DC.CD8a+.MLN#6,DC.8ap.MLN.4,DC.8ap.MLN,Dendritic Cell,Lymph Node (Mesenteric),PI- (CD3/CD19/NK1.1/Ly6G)- CD11c+ MHC+ CD8a+,Paidassi,8 mice pooled for this sample,000008550869_H03,H03,Helena Paidassi,42,10652239,7401414,69.48,11130,23918,61.61242732,66.09142193,20.26228867
DC.CD8a+.PP#3,DC.8ap.PP.1,DC.8ap.PP,Dendritic Cell,Peyer's Patch,PI- (CD3/CD19/NK1.1/Ly6G)- CD11c+ MHC+ CD8a+,Paidassi,7 mice pooled for this sample,000008530569_H06,H06,Helena Paidassi,28,10047460,6513387,64.83,11191,19877,60.15167437,63.96660887,19.14769551
DC.CD8a+.PP#5,DC.8ap.PP.3,DC.8ap.PP,Dendritic Cell,Peyer's Patch,PI- (CD3/CD19/NK1.1/Ly6G)- CD11c+ MHC+ CD8a+,Paidassi,8 mice pooled for this sample,000008550869_G04,G04,Helena Paidassi,42,7505697,5305752,70.69,10227,16087,59.84790894,64.22740859,21.06669569
DC.CD8a+.PP#6,DC.8ap.PP.4,DC.8ap.PP,Dendritic Cell,Peyer's Patch,PI- (CD3/CD19/NK1.1/Ly6G)- CD11c+ MHC+ CD8a+,Paidassi,8 mice pooled for this sample,000008550869_H04,H04,Helena Paidassi,42,8122561,5585778,68.77,10677,23120,58.85755989,62.24078763,20.9082485
DC.CD103+CD11b-.MLN#3,DC.8an103n.MLN.1,DC.8an103n.MLN,Dendritic Cell,Lymph Node (Mesenteric),PI- (CD3/CD19/NK1.1/Ly6G)- CD11c+ MHC+ CD8a- CD103- CD11b+,Paidassi,7 mice pooled for this sample,000008530569_D06,D06,Helena Paidassi,28,10693128,6462576,60.44,11549,26742,49.72805273,51.55547024,21.43713254
DC.CD103+CD11b-.MLN#4,DC.8an103n.MLN.2,DC.8an103n.MLN,Dendritic Cell,Lymph Node (Mesenteric),PI- (CD3/CD19/NK1.1/Ly6G)- CD11c+ MHC+ CD8a- CD103- CD11b+,Paidassi,8 mice pooled for this sample,000008530569_E06,E06,Helena Paidassi,28,17974511,11322303,62.99,13327,22800,55.68922443,60.62717258,22.68406663
DC.CD103+CD11b-.MLN#5,DC.8an103n.MLN.3,DC.8an103n.MLN,Dendritic Cell,Lymph Node (Mesenteric),PI- (CD3/CD19/NK1.1/Ly6G)- CD11c+ MHC+ CD8a- CD103- CD11b+,Paidassi,8 mice pooled for this sample,000008550869_C04,C04,Helena Paidassi,42,13314303,9600208,72.1,11269,18915,60.08276157,64.1225573,20.8086358
DC.CD103+CD11b-.PP#3,DC.8an103n.PP.1,DC.8an103n.PP,Dendritic Cell,Peyer's Patch,PI- (CD3/CD19/NK1.1/Ly6G)- CD11c+ MHC+ CD8a- CD103- CD11b+,Paidassi,7 mice pooled for this sample,000008530569_D07,D07,Helena Paidassi,28,11072415,7086902,64.01,11941,23045,58.97326983,62.40250557,18.51827905
DC.CD103+CD11b-.PP#5,DC.8an103n.PP.3,DC.8an103n.PP,Dendritic Cell,Peyer's Patch,PI- (CD3/CD19/NK1.1/Ly6G)- CD11c+ MHC+ CD8a- CD103- CD11b+,Paidassi,8 mice pooled for this sample,000008550869_C05,C05,Helena Paidassi,42,12172454,8674335,71.26,11094,17091,62.21591203,67.32858626,21.19560665
DC.CD103+CD11b-.PP#6,DC.8an103n.PP.4,DC.8an103n.PP,Dendritic Cell,Peyer's Patch,PI- (CD3/CD19/NK1.1/Ly6G)- CD11c+ MHC+ CD8a- CD103- CD11b+,Paidassi,8 mice pooled for this sample,000008550869_D05,D05,Helena Paidassi,42,5696091,4090596,71.81,10230,17027,54.23900786,57.83480522,23.43071689
DC.CD103+CD11b+.MLN#3,DC.8an103p.MLN.1,DC.8an103p.MLN,Dendritic Cell,Lymph Node (Mesenteric),PI- (CD3/CD19/NK1.1/Ly6G)- CD11c+ MHC+ CD8a- CD103+ CD11b+,Paidassi,7 mice pooled for this sample,000008530569_B06,B06,Helena Paidassi,28,18107973,12149751,67.1,12492,22620,59.23856867,63.38164533,20.64960535
DC.CD103+CD11b+.MLN#4,DC.8an103p.MLN.2,DC.8an103p.MLN,Dendritic Cell,Lymph Node (Mesenteric),PI- (CD3/CD19/NK1.1/Ly6G)- CD11c+ MHC+ CD8a- CD103+ CD11b+,Paidassi,8 mice pooled for this sample,000008530569_C06,C06,Helena Paidassi,28,14102497,9635402,68.32,11750,19737,56.27070189,60.00478732,20.85815914
DC.CD103+CD11b+.MLN#5,DC.8an103p.MLN.3,DC.8an103p.MLN,Dendritic Cell,Lymph Node (Mesenteric),PI- (CD3/CD19/NK1.1/Ly6G)- CD11c+ MHC+ CD8a- CD103+ CD11b+,Paidassi,8 mice pooled for this sample,000008550869_A04,A04,Helena Paidassi,42,11589793,8392437,72.41,11049,17689,59.96407308,64.64663679,21.19608204
DC.CD103+CD11b+.MLN#6,DC.8an103p.MLN.4,DC.8an103p.MLN,Dendritic Cell,Lymph Node (Mesenteric),PI- (CD3/CD19/NK1.1/Ly6G)- CD11c+ MHC+ CD8a- CD103+ CD11b+,Paidassi,8 mice pooled for this sample,000008550869_B04,B04,Helena Paidassi,42,13029411,9293139,71.32,12089,25283,59.95881951,64.20109062,20.56725369
DC.CD103+CD11b+.PP#3,DC.8an103p.PP.1,DC.8an103p.PP,Dendritic Cell,Peyer's Patch,PI- (CD3/CD19/NK1.1/Ly6G)- CD11c+ MHC+ CD8a- CD103+ CD11b+,Paidassi,7 mice pooled for this sample,000008530569_B07,B07,Helena Paidassi,28,17434128,11781774,67.58,12591,22694,66.53345898,71.47375052,18.17004997
DC.CD103+CD11b+.PP#5,DC.8an103p.PP.3,DC.8an103p.PP,Dendritic Cell,Peyer's Patch,PI- (CD3/CD19/NK1.1/Ly6G)- CD11c+ MHC+ CD8a- CD103+ CD11b+,Paidassi,8 mice pooled for this sample,000008550869_A05,A05,Helena Paidassi,42,10726686,7522889,70.13,11039,17704,61.17620553,66.15825788,21.36487675
DC.CD103+CD11b+.PP#6,DC.8an103p.PP.4,DC.8an103p.PP,Dendritic Cell,Peyer's Patch,PI- (CD3/CD19/NK1.1/Ly6G)- CD11c+ MHC+ CD8a- CD103+ CD11b+,Paidassi,8 mice pooled for this sample,000008550869_B05,B05,Helena Paidassi,42,13666666,9696069,70.95,12212,24798,62.48149331,66.98188773,19.91312319
DC.CD103-CD11b+.MLN#3,DC.8an103n11bn.MLN.1,DC.8an103n11bn.MLN,Dendritic Cell,Lymph Node (Mesenteric),PI- (CD3/CD19/NK1.1/Ly6G)- CD11c+ MHC+ CD8a- CD103- CD11b-,Paidassi,7 mice pooled for this sample,000008530569_F06,F06,Helena Paidassi,28,15260592,9905927,64.91,12906,23160,60.90886229,64.29981644,17.75681502
DC.CD103-CD11b+.MLN#4,DC.8an103n11bn.MLN.2,DC.8an103n11bn.MLN,Dendritic Cell,Lymph Node (Mesenteric),PI- (CD3/CD19/NK1.1/Ly6G)- CD11c+ MHC+ CD8a- CD103- CD11b-,Paidassi,8 mice pooled for this sample,000008530569_G06,G06,Helena Paidassi,28,19530118,12644086,64.74,14237,23808,64.32278863,68.12229318,17.27345112
DC.CD103-CD11b+.PP#3,DC.8an103n11bn.PP.1,DC.8an103n11bn.PP,Dendritic Cell,Peyer's Patch,PI- (CD3/CD19/NK1.1/Ly6G)- CD11c+ MHC+ CD8a- CD103- CD11b-,Paidassi,7 mice pooled for this sample,000008530569_F07,F07,Helena Paidassi,28,18990316,13201139,69.52,13165,21564,67.02735925,71.67105347,17.31014415
DC.CD103-CD11b+.PP#5,DC.8an103n11bn.PP.3,DC.8an103n11bn.PP,Dendritic Cell,Peyer's Patch,PI- (CD3/CD19/NK1.1/Ly6G)- CD11c+ MHC+ CD8a- CD103- CD11b-,Paidassi,8 mice pooled for this sample,000008550869_E05,E05,Helena Paidassi,42,13034395,9469947,72.65,11945,19006,63.83199897,68.51384527,19.64687643
DC.CD103-CD11b+.PP#6,DC.8an103n11bn.PP.4,DC.8an103n11bn.PP,Dendritic Cell,Peyer's Patch,PI- (CD3/CD19/NK1.1/Ly6G)- CD11c+ MHC+ CD8a- CD103- CD11b-,Paidassi,8 mice pooled for this sample,000008550869_F05,F05,Helena Paidassi,42,10135677,7275963,71.79,11216,20018,60.75060688,65.54613317,21.36247094
MF.CD102+F4/80+.PC#3,MF.PC.23,MF.PC,Macrophage,Peritoneal Cavity,CD102+ F4/80+,Paidassi,7 mice pooled for this sample,000008530569_F05,F05,Helena Paidassi,28,18806899,12077708,64.22,12680,23112,62.3447149,65.35725848,17.28503619
MF.CD102+F4/80+.PC#4,MF.PC.24,MF.PC,Macrophage,Peritoneal Cavity,CD102+ F4/80+,Paidassi,8 mice pooled for this sample,000008530569_G05,G05,Helena Paidassi,28,13937517,9393105,67.39,11932,21982,62.66146397,66.09114611,17.64745297
MF.CD102+F480+.PC#5,MF.PC.39,MF.PC,Macrophage,Peritoneal Cavity,CD102+ F4/80+,Paidassi,8 mice pooled for this sample,000008550869_E03,E03,Helena Paidassi,42,14373098,10474870,72.88,11426,17502,64.94336121,70.35345014,19.12536216
MF.CD102+F480+.PC#6,MF.PC.40,MF.PC,Macrophage,Peritoneal Cavity,CD102+ F4/80+,Paidassi,8 mice pooled for this sample,000008550869_F03,F03,Helena Paidassi,42,14856124,10706322,72.07,11430,18439,64.68480363,69.72018792,19.2134684
PC.SPM#3,MF.226pIIp.PC.1,MF.226pIIp.PC,Macrophage,Peritoneal Cavity,CD11b+ CD115+ MHCII+ CD226+,Randolph,NA,000008550869_B06,B06,Kiwook Kim,42,13441266,9571477,71.21,10689,16151,62.80054697,68.13034007,20.84729377
PC.SPM#5,MF.226pIIp.PC.3,MF.226pIIp.PC,Macrophage,Peritoneal Cavity,CD11b+ CD115+ MHCII+ CD226+,Randolph,NA,000008550869_D06,D06,Kiwook Kim,42,6033541,4206677,69.72,9180,13995,55.18889173,59.24423,23.74249734
PC.SPM#6,MF.226pIIp.PC.4,MF.226pIIp.PC,Macrophage,Peritoneal Cavity,CD11b+ CD115+ MHCII+ CD226+,Randolph,NA,000008550869_E06,E06,Kiwook Kim,42,14290424,10195326,71.34,10790,16660,63.38233755,68.38973601,20.50572756
MF.ICAM2+480hi.PC#2,MF.226pIIp480lo.PC.1,MF.226pIIp480lo.PC,Macrophage,Peritoneal Cavity,CD115+CD11b+F4/80+CD102+MHCIIloCD226-,Randolph,480hi and 480lo samples accidentally swapped,SSF-2004_A10,A10,Kiwook Kim,22,5204094,3626783,69.69,9614,17053,55.00784299,58.53860774,21.11750534
MF.ICAM2+480hi.PC#1,MF.226pIIp480lo.PC.2,MF.226pIIp480lo.PC,Macrophage,Peritoenal Cavity,CD115+CD11b+F4/80+CD102+MHCIIloCD226-,Randolph,480hi and 480lo samples accidentally swapped,SSF-2004_H09,H9,Kiwook Kim,22,7351768,5200237,70.73,10171,17729,59.68049037,64.550625,20.25098346
MF.480+.SP#1,MF.480p.SP.1,MF.480p.SP,Macrophage,Spleen,CD19-Ly6G-CD115- CD45+CD11bloF4/80+MerTK+CD64+,Randolph,NA,SSF-2004_F09,F9,Kiwook Kim,22,6718602,4766147,70.94,10767,17659,56.67898896,60.22948914,19.47219897
MF.480+.SP#2,MF.480p.SP.2,MF.480p.SP,Macrophage,Spleen,CD19-Ly6G-CD115- CD45+CD11bloF4/80+MerTK+CD64+,Randolph,NA,SSF-2004_G09,G9,Kiwook Kim,22,6146819,4641802,75.52,10647,17553,58.36035893,62.44699623,19.18168449
AT.Ing#1,MF.480p64pMerTKp.WAT.1,MF.480p64pMerTKp.WAT,Macrophage,Inguinal fat,CD45+ CD11b+ MerTK+ CD64+ F4/80+,Randolph,NA,000008550869_A07,A07,Kiwook Kim,42,8996646,6547193,72.77,10579,16693,59.07393996,63.41409682,21.76103173
AT.Ing#2,MF.480p64pMerTKp.WAT.2,MF.480p64pMerTKp.WAT,Macrophage,Inguinal fat,CD45+ CD11b+ MerTK+ CD64+ F4/80+,Randolph,NA,000008550869_B07,B07,Kiwook Kim,42,9463806,7022132,74.2,11246,18430,60.68668026,65.12917803,20.80140972
AT.Ing#3,MF.480p64pMerTKp.WAT.3,MF.480p64pMerTKp.WAT,Macrophage,Inguinal fat,CD45+ CD11b+ MerTK+ CD64+ F4/80+,Randolph,NA,000008550869_C07,C07,Kiwook Kim,42,11573604,8543925,73.82,11017,18542,61.53492354,65.98517212,20.68034264
MS.Meso#1,MF.480p64pLyve1p.MS.1,MF.480p64pLyve1p.MS,Macrophage,Mesenteric Sheet,CD45+ CD11b+ CD64+ F4/80+ Lyve1+,Randolph,NA,000008550869_H07,H07,Kiwook Kim,42,5406142,4204432,77.77,9634,15826,54.46704723,58.15837792,23.32343263
MS.Meso#2,MF.480p64pLyve1p.MS.2,MF.480p64pLyve1p.MS,Macrophage,Mesenteric Sheet,CD45+ CD11b+ CD64+ F4/80+ Lyve1+,Randolph,NA,000008550869_A08,A08,Kiwook Kim,42,6700531,4995903,74.56,9759,15776,53.82171158,57.61647303,24.0986158
MS.Meso#3,MF.480p64pLyve1p.MS.3,MF.480p64pLyve1p.MS,Macrophage,Mesenteric Sheet,CD45+ CD11b+ CD64+ F4/80+ Lyve1+,Randolph,NA,000008550869_B08,B08,Kiwook Kim,42,8959588,6850901,76.46,10461,16232,59.33007427,64.38581937,22.48643331
MS.Meso#4,MF.480p64pLyve1p.MS.4,MF.480p64pLyve1p.MS,Macrophage,Mesenteric Sheet,CD45+ CD11b+ CD64+ F4/80+ Lyve1+,Randolph,NA,000008550869_C08,C08,Kiwook Kim,42,9395782,7070986,75.26,10544,16740,59.59514693,64.91277994,22.01463612
AT.Epi#1,MF.480p64pMerTKp.AT.1,MF.480p64pMerTKp.AT,Macrophage,Epididymal fat,CD45+ CD11b+ MerTK+ CD64+ F4/80+,Randolph,NA,000008550869_F06,F06,Kiwook Kim,42,13381776,9646934,72.09,11837,20473,62.73248602,66.97316897,19.36940825
AT.Epi#2,MF.480p64pMerTKp.AT.2,MF.480p64pMerTKp.AT,Macrophage,Epididymal fat,CD45+ CD11b+ MerTK+ CD64+ F4/80+,Randolph,NA,000008550869_G06,G06,Kiwook Kim,42,8241985,6110587,74.14,10495,18322,56.65185517,60.35241323,22.30298255
AT.Epi#3,MF.480p64pMerTKp.AT.3,MF.480p64pMerTKp.AT,Macrophage,Epididymal fat,CD45+ CD11b+ MerTK+ CD64+ F4/80+,Randolph,NA,000008550869_H06,H06,Kiwook Kim,42,10306505,7610534,73.84,10971,18214,61.55011775,65.78657094,20.07088027
AT.Mes#1,MF.480p64pMerTKp.MAT.1,MF.480p64pMerTKp.MAT,Macrophage,Mesenteric Fat,CD45+ CD11b+ MerTK+ CD64+ F4/80+,Randolph,NA,000008550869_D07,D07,Kiwook Kim,42,5476553,3943087,72,9874,17185,52.41259912,55.09481125,22.69325634
AT.Mes#2,MF.480p64pMerTKp.MAT.2,MF.480p64pMerTKp.MAT,Macrophage,Mesenteric Fat,CD45+ CD11b+ MerTK+ CD64+ F4/80+,Randolph,NA,000008550869_E07,E07,Kiwook Kim,42,11623692,8365964,71.97,11264,18891,61.5641666,65.72446389,19.9934817
AT.Mes#3,MF.480p64pMerTKp.MAT.3,MF.480p64pMerTKp.MAT,Macrophage,Mesenteric Fat,CD45+ CD11b+ MerTK+ CD64+ F4/80+,Randolph,NA,000008550869_F07,F07,Kiwook Kim,42,7281531,5452289,74.88,10438,16853,56.96978285,61.36242365,22.51577263
AT.Mes#4,MF.480p64pMerTKp.MAT.4,MF.480p64pMerTKp.MAT,Macrophage,Mesenteric Fat,CD45+ CD11b+ MerTK+ CD64+ F4/80+,Randolph,NA,000008550869_G07,G07,Kiwook Kim,42,6276652,4599748,73.28,10605,16758,54.71133617,58.01796139,22.51039379
Sp.RP.Mac#3,MF.64pMerTKp11blo.Sp.1,MF.64pMerTKp11blo.Sp,Macrophage,Spleen,CD45+ CD11blo CD64+ CD11c+ SiglecF+,Randolph,NA,000008550869_G08,G08,Kiwook Kim,42,11927246,9008523,75.53,11548,17919,62.74672205,67.68234279,20.48466258
Sp.RP.Mac#4,MF.64pMerTKp11blo.Sp.2,MF.64pMerTKp11blo.Sp,Macrophage,Spleen,CD45+ CD11blo CD64+ CD11c+ SiglecF+,Randolph,NA,000008550869_H08,H08,Kiwook Kim,42,9916258,7585152,76.49,11233,17239,61.64032553,66.7383413,21.08012787
Lu.AM#1,MF.alv.11cp64pSiglecFp.Lu.1,MF.alv.11cp64pSiglecFp.Lu,Macrophage,Lung,CD45+ CD11blo CD64+ CD11c+ SiglecF+,Randolph,NA,000008550869_D08,D08,Kiwook Kim,42,5918557,4284094,72.38,9553,14180,57.9049217,62.70059865,22.83555736
Lu.AM#2,MF.alv.11cp64pSiglecFp.Lu.2,MF.alv.11cp64pSiglecFp.Lu,Macrophage,Lung,CD45+ CD11blo CD64+ CD11c+ SiglecF+,Randolph,NA,000008550869_E08,E08,Kiwook Kim,42,10420957,7694106,73.83,10316,15190,62.3114048,67.76227869,21.23031832
Lu.AM#3,MF.alv.11cp64pSiglecFp.Lu.3,MF.alv.11cp64pSiglecFp.Lu,Macrophage,Lung,CD45+ CD11blo CD64+ CD11c+ SiglecF+,Randolph,NA,000008550869_F08,F08,Kiwook Kim,42,7610050,5675688,74.58,10063,14525,59.23683602,64.64756834,22.49407853
DRG1#1,MF.DRG.1,MF.DRG,Macrophage,Dorsal root ganglia,CD45+CX3CR1gfp+CD64+,Randolph,NA,000008550869_B11,B11,Peter Wang,42,8340650,6093617,73.06,10247,15579,51.08943022,51.69310714,24.26733148
DRG4#1,MF.DRG.4,MF.DRG,Macrophage,Dorsal root ganglia,CD45+CX3CR1gfp+CD64+,Randolph,NA,000008550869_E11,E11,Peter Wang,42,11624175,8841951,76.07,11595,16996,62.20528458,66.91583657,20.09907888
F1#1,MF.FC.1,MF.FC,Macrophage,Fascia,CD45+F4/80+CD64+,Randolph,NA,000008550869_C10,C10,Peter Wang,42,4225385,3072362,72.71,9320,14371,48.30694441,48.57176337,23.91973944
F3#1,MF.FC.3,MF.FC,Macrophage,Fascia,CD45+F4/80+CD64+,Randolph,NA,000008550869_E10,E10,Peter Wang,42,11887718,8781234,73.87,11483,16688,60.82428983,64.84699683,20.45546897
MF.45lo.microglia.CNS#1,MF.microglia.CNS.1,MF.microglia.CNS,Microglia,Brain,CD19-CD3-Ly6G-CD45loCD11b+ CD64+ F4/80loCD206-,Randolph,NA,SSF-2004_D10,D10,Kiwook Kim,22,3381184,2464623,72.89,9346,15556,50.48737394,53.01706331,20.43087852
MF.45lo.microglia.CNS#2,MF.microglia.CNS.2,MF.microglia.CNS,Microglia,Brain,CD19-CD3-Ly6G-CD45loCD11b+ CD64+ F4/80loCD206-,Randolph,NA,SSF-2004_E10,E10,Kiwook Kim,22,4862096,3720055,76.51,10176,16662,56.06003482,59.26241954,19.48041719
MF.45lo.microglia.CNS#3,MF.microglia.CNS.3,MF.microglia.CNS,Macrophage,Brain,CD45lo F4/80lo CD206lo CD11b+ CD64+,Randolph,NA,000008550869_B09,B09,Kiwook Kim,42,11500733,9145602,79.52,11211,17296,62.6339962,67.83203795,20.72685781
MF.45lo.microglia.CNS#4,MF.microglia.CNS.4,MF.microglia.CNS,Macrophage,Brain,CD45lo F4/80lo CD206lo CD11b+ CD64+,Randolph,NA,000008550869_C09,C09,Kiwook Kim,42,9231493,7366103,79.79,10717,15807,60.19213885,65.508513,21.90469255
MF.45lo.microglia.CNS#5,MF.microglia.CNS.5,MF.microglia.CNS,Macrophage,Brain,CD45lo F4/80lo CD206lo CD11b+ CD64+,Randolph,NA,000008550869_D09,D09,Kiwook Kim,42,6486616,5142179,79.27,10181,15006,58.75101429,63.82877495,22.18476595
MF.226+II+480lo.PC#2,MF.PC.25,MF.PC,Macrophage,Peritoneal Cavity,CD115+CD11b+F4/80loCD102loMHCII+CD226+,Randolph,480hi and 480lo samples accidentally swapped,SSF-2004_C10,C10,Kiwook Kim,22,5732909,3996240,69.71,9978,17599,56.52793174,60.43818291,20.45567105
MF.226+II+480lo.PC#1,MF.PC.26,MF.PC,Macrophage,Peritoneal Cavity,CD115+CD11b+F4/80loCD102loMHCII+CD226+,Randolph,480hi and 480lo samples accidentally swapped,SSF-2004_B10,B10,Kiwook Kim,22,4935811,3423475,69.36,9691,17377,54.11016334,57.50388666,20.79768017
SN1#1,MF.SN.1,MF.SN,Macrophage,Sciatic nerve,CD45+CX3CR1gfp+CD64+,Randolph,NA,000008550869_F10,F10,Peter Wang,42,15869336,11494380,72.43,12589,20255,65.27237232,68.76549365,17.13261919
SN3#1,MF.SN.3,MF.SN,Macrophage,Sciatic nerve,CD45+CX3CR1gfp+CD64+,Randolph,NA,000008550869_H10,H10,Peter Wang,42,11305024,8467291,74.9,11664,19313,63.2166847,67.14725903,18.46230958
SC1,MG.SC.1,MG.SC,Microglia,Spinal Cord,"45lo, Cx3cr1+, 64+",Randolph,NA,000008555669_G03,G03,Peter Wang,43,17166702,12087258,70.41,12849,25284,59.28077705,62.41651623,18.08185826
SC2,MG.SC.2,MG.SC,Microglia,Spinal Cord,"45lo, Cx3cr1+, 64+",Randolph,NA,000008555669_H03,H03,Peter Wang,43,11356915,8576402,75.52,11800,19313,57.47114002,60.27620004,18.77733624
SC3,MG.SC.3,MG.SC,Microglia,Spinal Cord,"45lo, Cx3cr1+, 64+",Randolph,NA,000008555669_A04,A04,Peter Wang,43,10859088,7946761,73.18,11612,21042,56.55113468,59.69434987,18.8642588
Mo.6C-.Bl#1,Mo.6Cn.Bl.1,Mo.6Cn.Bl,Monocyte,Blood,B220-CD3-Ly6G-CD45+CD115+CD11b+Ly6C-,Randolph,NA,SSF-2004_D09,D9,Kiwook Kim,22,3809988,2443601,64.14,8774,19403,45.83889567,46.8244258,21.003984
Mo.6C-.Bl#2,Mo.6Cn.Bl.2,Mo.6Cn.Bl,Monocyte,Blood,B220-CD3-Ly6G-CD45+CD115+CD11b+Ly6C-,Randolph,NA,SSF-2004_E09,E9,Kiwook Kim,22,6731464,4525246,67.23,9970,22068,54.69215273,58.48898056,20.5901027
Mo.6C+.Bl#1,Mo.6Cp.Bl.1,Mo.6Cp.Bl,Monocyte,Blood,B220-CD3-Ly6G-CD45+CD115+CD11b+Ly6C+,Randolph,NA,SSF-2004_B09,B9,Kiwook Kim,22,7166920,4935468,68.86,10139,20561,56.99908148,61.29582714,20.56856333
Mo.6C+.Bl#2,Mo.6Cp.Bl.2,Mo.6Cp.Bl,Monocyte,Blood,B220-CD3-Ly6G-CD45+CD115+CD11b+Ly6C+,Randolph,NA,SSF-2004_C09,C9,Kiwook Kim,22,6459646,4454187,68.95,9927,19687,56.71111216,60.90918836,20.46317963
MF.Tim4-.PC#1.1,MF.B220n6Cn64pTim4n.PC.1,MF.B220n6Cn64pTim4n.PC,Macrophage,Peritoneal Cavity,"live	 single	 B220-	 Ly6C-	 F480+	 CD11b+	 CD64+	 Tim4-",Sieweke,Technical Duplicate 1,000008527969_C11,C11,Stephanie Vargas Aguilar,27,13878834,9268545,66.78,11149,17530,58.72059156,62.56557544,19.08515369
MF.Tim4-.PC#1.2,MF.B220n6Cn64pTim4n.PC.2,MF.B220n6Cn64pTim4n.PC,Macrophage,Peritoneal Cavity,"live	 single	 B220-	 Ly6C-	 F480+	 CD11b+	 CD64+	 Tim4-",Sieweke,Technical Duplicate 2,000008527969_D11,D11,Stephanie Vargas Aguilar,27,10171822,6561309,64.5,10415,16450,54.80906225,58.2292426,19.87986619
MF.Tim4-.PC#1.3,MF.B220n6Cn64pTim4n.PC.3,MF.B220n6Cn64pTim4n.PC,Macrophage,Peritoneal Cavity,"live	 single	 B220-	 Ly6C-	 F480+	 CD11b+	 CD64+	 Tim4-",Sieweke,Technical Duplicate 3,000008527969_E11,E11,Stephanie Vargas Aguilar,27,11362817,7591165,66.81,10739,16955,56.33456787,59.60478994,19.53425614
MF.Tim4+.PC#1.1,MF.B220n6Cn64pTim4p.PC.1,MF.B220n6Cn64pTim4p.PC,Macrophage,Peritoneal Cavity,"live	 single	 B220-	 Ly6C-	 F480+	 CD11b+	 CD64+	 Tim4+",Sieweke,Technical Duplicate 1,000008527969_H10,H10,Stephanie Vargas Aguilar,27,8799584,6038337,68.62,10456,16251,54.97047115,58.30138432,20.28441065
MF.Tim4+.PC#1.2,MF.B220n6Cn64pTim4p.PC.2,MF.B220n6Cn64pTim4p.PC,Macrophage,Peritoneal Cavity,"live	 single	 B220-	 Ly6C-	 F480+	 CD11b+	 CD64+	 Tim4+",Sieweke,Technical Duplicate 2,000008527969_A11,A11,Stephanie Vargas Aguilar,27,11769908,7809247,66.35,10894,17320,56.67884087,60.08778547,20.29168818
MF.Tim4+.PC#1.3,MF.B220n6Cn64pTim4p.PC.3,MF.B220n6Cn64pTim4p.PC,Macrophage,Peritoneal Cavity,"live	 single	 B220-	 Ly6C-	 F480+	 CD11b+	 CD64+	 Tim4+",Sieweke,Technical Duplicate 3,000008527969_B11,B11,Stephanie Vargas Aguilar,27,10913590,7564465,69.31,10940,16831,57.98025247,61.9993189,19.684713
MF.Tim4+.PC#2.1,MF.B220n6Cn64pTim4p.PC.4,MF.B220n6Cn64pTim4p.PC,Macrophage,Peritoneal Cavity,"live	 single	 B220-	 Ly6C-	 F480+	 CD11b+	 CD64+	 Tim4+",Sieweke,Technical Duplicate 1,000008527969_F11,F11,Stephanie Vargas Aguilar,27,11143676,7699455,69.09,10874,16727,58.11981854,61.89794617,19.39333993
MF.Tim4+.PC#2.2,MF.B220n6Cn64pTim4p.PC.5,MF.B220n6Cn64pTim4p.PC,Macrophage,Peritoneal Cavity,"live	 single	 B220-	 Ly6C-	 F480+	 CD11b+	 CD64+	 Tim4+",Sieweke,Technical Duplicate 2,000008527969_G11,G11,Stephanie Vargas Aguilar,27,15001299,10194024,67.95,11344,17497,60.11992859,64.43087663,19.16500857
MF.Tim4+.PC#2.3,MF.B220n6Cn64pTim4p.PC.6,MF.B220n6Cn64pTim4p.PC,Macrophage,Peritoneal Cavity,"live	 single	 B220-	 Ly6C-	 F480+	 CD11b+	 CD64+	 Tim4+",Sieweke,Technical Duplicate 3,000008527969_H11,H11,Stephanie Vargas Aguilar,27,11456205,7662790,66.89,10829,16805,56.66657101,60.32920046,20.14676316
MF.F480+ICAM2+.PC#1.1,MF.PC.11,MF.PC,Macrophage,Peritoneal Cavity,"live	 single	 F480+ ICAM2+",Sieweke,Technical Duplicate 1,000008527969_C12,C12,Stephanie Vargas Aguilar,27,12041399,8234487,68.38,11156,18488,57.64877494,61.76825212,19.83792403
MF.F480+ICAM2+.PC#1.2,MF.PC.12,MF.PC,Macrophage,Peritoneal Cavity,"live	 single	 F480+ ICAM2+",Sieweke,Technical Duplicate 2,000008527969_D12,D12,Stephanie Vargas Aguilar,27,7894266,5314211,67.32,10328,16376,55.39679428,58.8601549,20.11629126
MF.F480+ICAM2+.PC#1.3,MF.PC.13,MF.PC,Macrophage,Peritoneal Cavity,"live	 single	 F480+ ICAM2+",Sieweke,Technical Duplicate 3,000008527969_E12,E12,Stephanie Vargas Aguilar,27,13301718,9188025,69.07,11327,17773,60.61070376,65.12789996,19.15333582
MF.F480+ICAM2+.PC#2.1,MF.PC.14,MF.PC,Macrophage,Peritoneal Cavity,"live	 single	 F480+ ICAM2+",Sieweke,Technical Duplicate 1,000008527969_F12,F12,Stephanie Vargas Aguilar,27,13610436,9310213,68.4,11320,18533,59.68429153,63.72643371,18.94527968
MF.F480+ICAM2+.PC#2.2,MF.PC.15,MF.PC,Macrophage,Peritoneal Cavity,"live	 single	 F480+ ICAM2+",Sieweke,Technical Duplicate 2,000008527969_G12,G12,Stephanie Vargas Aguilar,27,15680128,10995542,70.12,11698,18555,61.51663032,65.86818476,18.63986533
